Parking_ID,Location,Date,Time,Total_Slots,Available_Slots,Occupied_Slots,Vehicle_Type,Parking_Status,Entry_Count,Exit_Count,Revenue,Sensor_Status
P0001,Porur,2026-06-22,20:12,186,126,60,Truck,Full,20,18,1320,Active
P0002,Anna Nagar,2026-04-24,22:23,87,11,76,Car,Full,106,91,1824,Inactive
P0003,Guindy,2026-06-29,02:57,78,34,44,Bike,Available,150,83,1496,Active
P0004,Velachery,2026-06-11,23:47,212,169,43,Car,Full,115,24,1204,Active
P0005,Tambaram,2026-04-30,14:04,129,102,27,Truck,Full,150,15,2052,Inactive
P0006,Anna Nagar,2026-02-17,12:53,234,25,209,Truck,Full,93,66,12331,Active
P0007,OMR,2026-01-23,01:25,114,95,19,Car,Available,40,30,1501,Active
P0008,OMR,2026-03-25,03:49,128,27,101,Bike,Available,43,21,6363,Inactive
P0009,Anna Nagar,2026-06-09,07:25,216,9,207,Bike,Available,88,17,14697,Active
P0010,OMR,2026-06-19,10:26,235,216,19,Car,Full,113,76,1273,Active
P0011,Guindy,2026-02-28,10:18,235,68,167,Truck,Available,65,20,7849,Inactive
P0012,T Nagar,2026-05-20,13:09,121,66,55,Car,Full,140,66,2970,Inactive
P0013,Tambaram,2026-02-24,03:19,300,285,15,Bike,Available,98,24,375,Inactive
P0014,Velachery,2026-05-07,11:56,119,90,29,Truck,Available,130,68,1682,Active
P0015,Guindy,2026-06-19,09:45,123,50,73,Bike,Full,81,35,1460,Inactive
P0016,Guindy,2026-05-31,20:23,65,33,32,EV,Available,126,11,1664,Inactive
P0017,Velachery,2026-06-02,15:50,168,95,73,EV,Full,84,38,5110,Inactive
P0018,Guindy,2026-03-23,11:36,229,66,163,Car,Available,143,134,11899,Active
P0019,Anna Nagar,2026-01-11,16:14,219,92,127,EV,Full,45,19,6985,Inactive
P0020,Guindy,2026-06-09,07:00,121,104,17,Car,Available,69,50,1326,Inactive
P0021,T Nagar,2026-03-27,00:48,175,100,75,Truck,Available,132,97,3450,Active
P0022,Adyar,2026-03-07,22:03,85,13,72,Car,Available,46,21,1944,Active
P0023,Velachery,2026-01-11,18:56,51,13,38,Bike,Full,20,11,2318,Active
P0024,Velachery,2026-04-26,06:20,157,70,87,Truck,Available,22,21,4524,Active
P0025,Anna Nagar,2026-01-30,22:43,200,8,192,EV,Full,147,29,4992,Active
P0026,OMR,2026-04-10,07:48,193,165,28,Bike,Available,80,43,560,Active
P0027,Velachery,2026-01-26,14:59,137,87,50,EV,Available,144,75,2400,Active
P0028,Velachery,2026-03-16,04:59,231,143,88,Bike,Available,60,25,3080,Inactive
P0029,Tambaram,2026-02-15,13:35,234,126,108,Bike,Available,126,55,5832,Active
P0030,Velachery,2026-04-13,21:18,208,108,100,Bike,Available,132,119,5300,Inactive
P0031,Tambaram,2026-03-04,18:12,93,67,26,Bike,Available,28,12,728,Active
P0032,Guindy,2026-04-16,16:34,278,238,40,Car,Full,128,32,1840,Inactive
P0033,Anna Nagar,2026-01-21,23:14,248,234,14,Car,Full,31,30,322,Inactive
P0034,Porur,2026-01-13,15:31,254,206,48,EV,Full,76,64,3600,Active
P0035,T Nagar,2026-01-03,14:59,77,55,22,Bike,Available,25,14,1650,Inactive
P0036,OMR,2026-04-03,11:06,113,23,90,Car,Available,112,110,5760,Inactive
P0037,Tambaram,2026-01-08,12:18,198,179,19,Car,Available,61,29,665,Active
P0038,OMR,2026-04-09,00:54,293,195,98,Truck,Full,141,117,7742,Inactive
P0039,Porur,2026-03-28,04:42,246,17,229,Car,Available,63,36,4580,Active
P0040,Velachery,2026-02-06,03:27,54,11,43,Car,Full,92,50,2580,Active
P0041,Guindy,2026-01-04,20:38,189,131,58,Bike,Full,65,57,2668,Active
P0042,Tambaram,2026-03-23,20:17,165,142,23,Bike,Available,124,83,805,Inactive
P0043,Velachery,2026-05-01,08:03,88,57,31,Car,Available,138,97,2356,Inactive
P0044,Tambaram,2026-03-16,14:50,199,51,148,Truck,Available,52,44,7992,Inactive
P0045,Guindy,2026-01-18,08:42,68,2,66,EV,Available,129,28,4092,Active
P0046,Tambaram,2026-02-27,15:12,60,27,33,Car,Available,81,63,1221,Inactive
P0047,Guindy,2026-01-28,05:41,97,30,67,EV,Full,92,38,4288,Inactive
P0048,Velachery,2026-06-16,11:03,66,29,37,Truck,Available,66,53,2590,Active
P0049,Anna Nagar,2026-03-25,06:27,147,8,139,Car,Available,97,52,5282,Active
P0050,OMR,2026-05-07,14:04,155,54,101,Bike,Full,23,10,2121,Inactive
P0051,T Nagar,2026-06-26,05:40,215,4,211,Bike,Full,41,32,15825,Inactive
P0052,Anna Nagar,2026-05-22,11:57,127,101,26,Car,Full,66,43,1300,Inactive
P0053,Guindy,2026-04-24,10:04,262,83,179,Truck,Full,120,11,13604,Inactive
P0054,Anna Nagar,2026-05-21,14:02,283,179,104,Bike,Available,27,20,3224,Inactive
P0055,Anna Nagar,2026-06-08,19:34,114,14,100,EV,Available,60,42,2900,Inactive
P0056,Porur,2026-05-17,08:46,216,124,92,EV,Full,57,51,3680,Inactive
P0057,Adyar,2026-03-29,01:31,194,13,181,Bike,Full,129,39,5973,Inactive
P0058,Guindy,2026-02-06,19:54,130,27,103,Truck,Full,143,60,7828,Inactive
P0059,Velachery,2026-06-04,15:45,234,138,96,Truck,Available,27,25,7200,Inactive
P0060,Tambaram,2026-05-27,02:47,278,224,54,EV,Full,102,56,4266,Active
P0061,Anna Nagar,2026-02-18,20:51,98,51,47,Truck,Available,38,20,1128,Inactive
P0062,Porur,2026-06-10,21:46,276,86,190,EV,Available,81,42,12730,Inactive
P0063,Porur,2026-03-22,01:24,143,96,47,Bike,Full,50,22,2491,Active
P0064,Guindy,2026-01-08,00:04,167,111,56,Car,Full,23,23,1848,Active
P0065,Guindy,2026-04-22,13:50,247,24,223,Car,Available,46,27,11373,Active
P0066,T Nagar,2026-05-19,15:40,150,48,102,Bike,Full,136,60,7344,Inactive
P0067,Porur,2026-03-30,01:40,272,42,230,Car,Full,48,38,14490,Inactive
P0068,T Nagar,2026-06-01,16:51,249,1,248,Bike,Full,60,46,16120,Active
P0069,Guindy,2026-02-02,02:56,59,20,39,Bike,Available,44,13,975,Inactive
P0070,Adyar,2026-04-01,00:30,112,97,15,Truck,Available,140,36,900,Inactive
P0071,Tambaram,2026-03-12,07:29,229,15,214,Truck,Full,149,20,5992,Inactive
P0072,Porur,2026-03-16,12:54,236,8,228,EV,Full,123,107,17556,Active
P0073,Guindy,2026-02-14,10:34,230,110,120,EV,Available,72,67,4560,Active
P0074,T Nagar,2026-04-29,08:30,67,41,26,Truck,Full,92,42,1066,Inactive
P0075,OMR,2026-01-26,18:50,126,48,78,Car,Available,137,109,2886,Inactive
P0076,Porur,2026-06-27,18:42,120,47,73,Truck,Full,140,66,4453,Active
P0077,Velachery,2026-05-31,14:03,199,109,90,Bike,Full,50,34,4140,Inactive
P0078,Guindy,2026-03-01,12:21,292,80,212,Car,Full,80,15,12084,Active
P0079,Tambaram,2026-01-14,23:33,166,77,89,Truck,Full,102,76,4984,Inactive
P0080,OMR,2026-05-31,20:16,283,179,104,Truck,Available,85,19,4784,Active
P0081,Porur,2026-03-16,04:53,185,143,42,EV,Available,41,25,1386,Active
P0082,Guindy,2026-03-07,23:45,268,250,18,Car,Available,25,17,540,Active
P0083,Adyar,2026-05-15,00:35,230,52,178,Car,Available,31,20,10146,Inactive
P0084,Porur,2026-06-22,17:07,200,161,39,Bike,Full,51,14,2691,Active
P0085,Porur,2026-02-09,03:53,259,108,151,Bike,Available,61,37,8456,Active
P0086,Anna Nagar,2026-02-25,21:42,82,38,44,Car,Full,56,38,1232,Active
P0087,Anna Nagar,2026-01-04,01:11,89,21,68,Bike,Full,72,47,2788,Inactive
P0088,Guindy,2026-01-19,17:12,68,14,54,Truck,Full,143,140,3294,Inactive
P0089,T Nagar,2026-04-02,18:45,106,30,76,Car,Available,79,18,1596,Active
P0090,Tambaram,2026-05-15,06:19,227,85,142,Bike,Available,20,17,4970,Inactive
P0091,Velachery,2026-05-12,15:47,128,76,52,Truck,Full,121,19,3484,Active
P0092,Guindy,2026-06-30,14:39,278,204,74,EV,Available,129,20,2664,Active
P0093,Porur,2026-02-07,05:12,225,210,15,EV,Full,61,35,495,Inactive
P0094,T Nagar,2026-02-15,20:43,165,54,111,Bike,Full,132,38,5883,Inactive
P0095,OMR,2026-02-09,17:21,83,34,49,EV,Full,86,60,1715,Inactive
P0096,Guindy,2026-05-17,19:15,265,84,181,Bike,Available,141,89,5430,Inactive
P0097,Porur,2026-03-12,01:50,254,127,127,Bike,Available,141,64,6096,Active
P0098,Porur,2026-06-30,22:31,164,38,126,Truck,Full,66,65,7686,Active
P0099,Guindy,2026-03-03,14:10,113,69,44,EV,Available,37,25,3388,Active
P0100,T Nagar,2026-02-02,03:38,124,92,32,Bike,Available,122,75,1472,Active
P0101,Adyar,2026-02-23,01:44,291,203,88,Bike,Available,116,113,3168,Inactive
P0102,Guindy,2026-03-13,01:44,138,113,25,Bike,Full,47,28,1975,Active
P0103,Tambaram,2026-01-06,19:49,113,51,62,Car,Available,103,33,3968,Inactive
P0104,Porur,2026-01-06,09:26,109,86,23,EV,Full,98,34,920,Active
P0105,Anna Nagar,2026-06-23,13:16,178,102,76,Car,Full,64,38,2660,Active
P0106,Velachery,2026-03-10,20:37,100,35,65,Bike,Available,129,95,3380,Inactive
P0107,Guindy,2026-03-31,16:19,245,143,102,EV,Available,26,24,4692,Active
P0108,Porur,2026-05-07,21:37,234,167,67,Bike,Full,49,48,5293,Active
P0109,OMR,2026-05-05,23:23,204,95,109,Bike,Available,47,27,5886,Active
P0110,Velachery,2026-01-04,12:12,250,166,84,Car,Available,129,123,2520,Inactive
P0111,T Nagar,2026-01-16,20:20,253,124,129,EV,Available,57,50,4773,Inactive
P0112,Adyar,2026-01-05,18:26,115,22,93,Car,Available,29,26,2418,Inactive
P0113,Velachery,2026-01-24,20:29,183,19,164,Car,Full,143,81,13120,Inactive
P0114,Guindy,2026-03-15,17:07,98,50,48,Bike,Available,57,50,2064,Active
P0115,T Nagar,2026-03-29,16:49,154,126,28,EV,Full,71,20,1736,Active
P0116,Adyar,2026-03-26,23:22,105,59,46,EV,Available,30,14,2024,Inactive
P0117,Adyar,2026-03-24,16:43,68,21,47,EV,Full,145,94,1222,Active
P0118,OMR,2026-04-20,21:41,250,8,242,Bike,Full,38,26,15246,Inactive
P0119,T Nagar,2026-02-22,07:40,61,1,60,Car,Full,65,57,3780,Active
P0120,Tambaram,2026-01-04,19:24,294,49,245,EV,Available,89,72,12005,Inactive
P0121,Adyar,2026-05-15,11:24,171,99,72,Bike,Full,87,40,3528,Active
P0122,OMR,2026-05-03,19:26,96,78,18,Car,Available,138,136,1278,Inactive
P0123,T Nagar,2026-06-11,04:21,272,182,90,Truck,Full,85,11,4500,Active
P0124,OMR,2026-05-09,13:51,67,51,16,Bike,Full,129,126,912,Inactive
P0125,Porur,2026-04-06,07:55,67,35,32,Car,Available,105,61,2240,Inactive
P0126,Tambaram,2026-01-06,22:08,67,16,51,EV,Full,84,36,3774,Inactive
P0127,Tambaram,2026-03-19,20:47,218,14,204,Car,Available,81,47,13056,Active
P0128,Anna Nagar,2026-03-27,14:57,213,32,181,Car,Full,136,79,7964,Active
P0129,Guindy,2026-05-29,08:41,130,98,32,Bike,Full,57,49,960,Inactive
P0130,Porur,2026-06-27,15:14,73,32,41,Bike,Available,144,76,1558,Active
P0131,T Nagar,2026-06-11,03:47,257,144,113,Bike,Available,77,53,3277,Active
P0132,OMR,2026-02-24,23:24,186,85,101,Bike,Available,91,89,3636,Active
P0133,Porur,2026-03-09,12:30,242,11,231,EV,Available,58,33,18480,Inactive
P0134,Tambaram,2026-05-23,19:18,99,34,65,Car,Available,73,25,1300,Inactive
P0135,Guindy,2026-01-30,20:54,103,23,80,Car,Full,137,71,4560,Inactive
P0136,Adyar,2026-04-19,01:26,181,119,62,EV,Full,92,20,1860,Inactive
P0137,Porur,2026-05-17,01:14,155,98,57,EV,Full,20,10,3933,Inactive
P0138,Adyar,2026-05-05,18:27,282,209,73,Truck,Available,105,57,2190,Active
P0139,Tambaram,2026-02-13,17:18,234,97,137,Bike,Available,97,97,4521,Active
P0140,Anna Nagar,2026-02-10,07:58,266,190,76,Bike,Available,28,20,4940,Inactive
P0141,Guindy,2026-01-09,14:59,244,156,88,EV,Full,52,47,4576,Inactive
P0142,Anna Nagar,2026-01-30,23:07,292,270,22,Bike,Available,22,22,946,Active
P0143,T Nagar,2026-05-17,17:26,216,185,31,Car,Available,47,42,620,Active
P0144,Tambaram,2026-04-06,14:52,221,164,57,Bike,Full,111,109,2793,Inactive
P0145,Anna Nagar,2026-04-12,12:35,288,199,89,EV,Available,100,48,5696,Inactive
P0146,Anna Nagar,2026-03-07,19:16,179,77,102,EV,Available,50,46,5712,Inactive
P0147,Tambaram,2026-05-21,15:36,123,74,49,EV,Available,105,73,3871,Active
P0148,T Nagar,2026-03-13,02:53,125,102,23,Car,Full,30,10,667,Active
P0149,Tambaram,2026-05-14,15:20,54,35,19,Truck,Available,125,22,1254,Inactive
P0150,Guindy,2026-03-24,16:25,215,47,168,EV,Available,117,73,3528,Inactive
P0151,Anna Nagar,2026-01-12,23:32,148,127,21,EV,Full,76,47,651,Inactive
P0152,OMR,2026-03-13,17:29,108,30,78,Truck,Available,56,49,5460,Inactive
P0153,Porur,2026-05-26,15:05,300,285,15,Bike,Full,66,38,765,Inactive
P0154,Adyar,2026-05-22,11:08,222,122,100,Car,Full,55,29,2700,Inactive
P0155,T Nagar,2026-03-17,20:37,122,86,36,Truck,Full,60,27,2808,Inactive
P0156,Porur,2026-05-24,05:07,221,138,83,Truck,Full,88,76,2241,Inactive
P0157,Guindy,2026-03-25,15:32,71,21,50,Car,Available,45,29,2450,Active
P0158,T Nagar,2026-05-11,00:35,249,141,108,Bike,Available,49,36,4428,Inactive
P0159,Velachery,2026-04-01,08:22,271,79,192,EV,Full,108,57,6336,Inactive
P0160,Porur,2026-04-11,03:33,64,33,31,Truck,Available,44,28,1178,Inactive
P0161,T Nagar,2026-01-12,01:41,238,179,59,EV,Full,87,80,3835,Active
P0162,Guindy,2026-01-07,13:34,163,88,75,EV,Full,74,46,4650,Active
P0163,Porur,2026-02-18,20:03,212,103,109,Truck,Available,44,24,7521,Inactive
P0164,T Nagar,2026-02-21,10:18,160,52,108,Car,Available,50,38,3240,Active
P0165,Guindy,2026-04-06,11:21,237,210,27,Bike,Available,79,66,1161,Inactive
P0166,Tambaram,2026-06-26,23:48,130,83,47,Truck,Full,134,18,2068,Active
P0167,Velachery,2026-05-07,17:43,257,81,176,EV,Full,80,19,4576,Inactive
P0168,Porur,2026-01-04,10:07,93,17,76,Bike,Full,122,30,2812,Inactive
P0169,Anna Nagar,2026-04-29,04:49,190,76,114,Bike,Full,38,11,8892,Active
P0170,Velachery,2026-04-22,03:01,130,45,85,Truck,Available,94,65,3740,Inactive
P0171,Tambaram,2026-01-24,07:06,179,62,117,Car,Full,28,10,9009,Inactive
P0172,Porur,2026-02-01,19:20,161,62,99,Truck,Available,108,64,7029,Active
P0173,Adyar,2026-04-28,13:23,154,106,48,EV,Available,129,63,3600,Active
P0174,OMR,2026-01-14,22:44,159,119,40,Bike,Available,90,79,1200,Inactive
P0175,Tambaram,2026-04-13,06:23,293,49,244,Car,Available,132,49,8052,Active
P0176,Adyar,2026-04-07,10:15,249,36,213,Truck,Available,104,69,10224,Active
P0177,OMR,2026-01-12,06:45,74,1,73,Car,Available,60,31,3504,Active
P0178,Porur,2026-06-23,03:45,222,31,191,Truck,Available,138,81,11078,Active
P0179,Porur,2026-01-10,11:11,208,188,20,Car,Available,75,33,800,Active
P0180,Guindy,2026-03-20,23:09,181,153,28,EV,Available,137,30,588,Inactive
P0181,Guindy,2026-06-28,21:19,82,40,42,Truck,Full,94,81,2394,Active
P0182,Guindy,2026-05-19,23:38,75,64,11,EV,Available,75,23,242,Inactive
P0183,Anna Nagar,2026-02-18,15:38,277,176,101,EV,Full,93,80,5656,Active
P0184,T Nagar,2026-03-25,21:20,272,252,20,Truck,Full,95,63,780,Inactive
P0185,Velachery,2026-01-01,06:06,117,34,83,Car,Available,112,85,5395,Inactive
P0186,Guindy,2026-03-19,13:24,202,102,100,Bike,Available,89,20,8000,Active
P0187,Adyar,2026-02-26,07:46,245,13,232,Truck,Full,99,93,15080,Inactive
P0188,T Nagar,2026-03-01,08:20,246,190,56,Truck,Available,82,17,3864,Inactive
P0189,Velachery,2026-01-25,08:04,238,25,213,Bike,Full,95,95,6177,Active
P0190,Velachery,2026-06-06,09:13,293,280,13,EV,Available,32,17,897,Active
P0191,Guindy,2026-04-17,12:37,98,62,36,Bike,Full,38,22,2556,Inactive
P0192,Porur,2026-06-11,08:27,137,1,136,Bike,Full,121,56,5848,Inactive
P0193,Velachery,2026-02-12,19:32,203,26,177,Car,Available,143,105,10797,Active
P0194,Porur,2026-03-01,12:43,218,78,140,EV,Full,139,81,10500,Active
P0195,Guindy,2026-06-19,18:12,86,23,63,Truck,Full,150,34,4158,Active
P0196,Porur,2026-01-14,18:18,129,41,88,Bike,Available,107,76,4312,Inactive
P0197,Porur,2026-05-28,21:05,187,70,117,Truck,Available,38,38,5850,Inactive
P0198,Adyar,2026-04-04,17:22,248,93,155,Truck,Available,39,17,3255,Active
P0199,Anna Nagar,2026-03-05,16:30,297,66,231,Car,Available,28,19,15477,Inactive
P0200,Anna Nagar,2026-03-16,18:30,269,159,110,Bike,Available,121,92,6380,Inactive
P0201,Guindy,2026-06-30,20:16,56,23,33,Bike,Available,144,103,1452,Inactive
P0202,Tambaram,2026-04-12,02:00,129,25,104,Bike,Full,32,24,7488,Inactive
P0203,Anna Nagar,2026-05-01,18:40,105,87,18,Truck,Full,81,50,558,Inactive
P0204,OMR,2026-02-22,19:02,287,229,58,EV,Available,20,17,1914,Active
P0205,OMR,2026-03-10,12:06,112,86,26,Bike,Full,79,21,1066,Active
P0206,T Nagar,2026-06-27,13:22,255,203,52,Bike,Full,30,15,4108,Inactive
P0207,Guindy,2026-01-30,03:26,106,58,48,Truck,Full,121,115,2928,Inactive
P0208,T Nagar,2026-03-13,21:42,272,166,106,Bike,Full,24,15,3604,Inactive
P0209,OMR,2026-04-21,09:21,229,131,98,Car,Full,26,22,7644,Active
P0210,Guindy,2026-01-04,02:00,237,173,64,Truck,Full,115,98,3584,Inactive
P0211,Porur,2026-04-18,16:47,113,48,65,Bike,Available,120,117,1365,Inactive
P0212,T Nagar,2026-06-19,03:42,256,161,95,EV,Full,112,34,7125,Active
P0213,Adyar,2026-06-05,07:46,178,166,12,Truck,Full,139,132,552,Inactive
P0214,Anna Nagar,2026-05-05,12:47,207,127,80,Car,Available,127,88,1840,Active
P0215,Porur,2026-06-25,23:49,204,189,15,Truck,Full,109,109,1095,Active
P0216,Tambaram,2026-04-07,00:30,118,97,21,Truck,Available,114,54,546,Active
P0217,Porur,2026-06-07,04:34,298,10,288,EV,Full,52,29,10368,Active
P0218,T Nagar,2026-03-15,20:43,132,18,114,Bike,Available,117,32,5016,Inactive
P0219,Porur,2026-04-11,06:48,173,106,67,Truck,Full,111,93,5360,Active
P0220,Velachery,2026-04-04,07:33,117,42,75,Truck,Available,72,22,5475,Active
P0221,Velachery,2026-05-18,16:50,213,119,94,EV,Full,71,14,4324,Active
P0222,Anna Nagar,2026-01-24,02:00,218,153,65,EV,Available,83,56,4420,Inactive
P0223,Tambaram,2026-01-21,11:30,121,98,23,EV,Available,74,19,1288,Inactive
P0224,Guindy,2026-03-27,13:01,98,51,47,Truck,Available,59,54,1598,Inactive
P0225,Anna Nagar,2026-01-03,16:42,192,112,80,EV,Full,135,128,3120,Active
P0226,OMR,2026-05-28,08:16,236,37,199,Car,Full,60,52,8159,Active
P0227,Tambaram,2026-05-05,18:26,213,151,62,Truck,Available,144,16,1984,Inactive
P0228,OMR,2026-04-29,22:47,59,30,29,Bike,Available,134,40,1392,Inactive
P0229,Porur,2026-01-24,15:39,61,6,55,Truck,Available,55,16,1210,Active
P0230,Adyar,2026-01-21,11:24,129,66,63,Truck,Available,53,46,2457,Active
P0231,Adyar,2026-06-13,18:44,269,36,233,Truck,Available,22,13,10252,Inactive
P0232,Anna Nagar,2026-06-11,00:16,68,40,28,Car,Full,103,96,1372,Active
P0233,Velachery,2026-06-21,15:49,265,226,39,EV,Full,104,19,2184,Inactive
P0234,Tambaram,2026-01-19,14:08,146,18,128,Bike,Available,33,28,2688,Active
P0235,Anna Nagar,2026-03-02,20:55,269,41,228,Bike,Full,84,50,7752,Inactive
P0236,Anna Nagar,2026-02-11,02:54,90,49,41,EV,Available,102,55,1025,Active
P0237,Guindy,2026-06-01,09:33,75,34,41,Truck,Full,75,44,2214,Active
P0238,Tambaram,2026-02-04,23:05,195,20,175,Bike,Full,67,27,6125,Active
P0239,T Nagar,2026-02-03,03:13,223,62,161,EV,Available,47,37,4669,Active
P0240,Anna Nagar,2026-02-14,21:35,120,103,17,Truck,Full,98,24,1343,Inactive
P0241,Adyar,2026-05-19,07:44,229,71,158,Truck,Available,68,51,5846,Active
P0242,Velachery,2026-03-13,09:09,71,33,38,Bike,Available,129,17,2622,Inactive
P0243,Tambaram,2026-06-25,06:09,95,40,55,EV,Full,70,21,4070,Inactive
P0244,Guindy,2026-03-18,16:16,77,11,66,EV,Full,132,29,2178,Active
P0245,T Nagar,2026-06-20,11:43,51,24,27,Bike,Available,126,87,999,Active
P0246,Velachery,2026-04-02,16:33,108,22,86,Car,Full,72,30,5676,Inactive
P0247,Adyar,2026-03-27,20:07,101,86,15,Bike,Full,117,56,900,Active
P0248,Adyar,2026-01-30,08:28,287,237,50,Bike,Available,22,22,3250,Inactive
P0249,Adyar,2026-06-08,02:57,100,32,68,Truck,Available,27,23,1904,Active
P0250,Adyar,2026-01-17,12:14,150,87,63,EV,Full,33,18,1827,Inactive
P0251,T Nagar,2026-02-27,20:29,270,193,77,Bike,Available,119,53,3619,Inactive
P0252,Guindy,2026-04-25,07:40,191,127,64,Car,Full,54,11,5120,Inactive
P0253,Guindy,2026-06-24,22:40,216,163,53,Car,Full,127,121,2544,Inactive
P0254,Tambaram,2026-06-11,11:57,129,113,16,Car,Available,90,30,640,Inactive
P0255,Porur,2026-06-17,12:22,198,154,44,Truck,Full,116,92,2552,Active
P0256,Tambaram,2026-05-01,10:12,148,101,47,Car,Full,94,42,2444,Active
P0257,Guindy,2026-02-24,22:34,161,54,107,Bike,Full,69,67,4922,Active
P0258,Adyar,2026-03-08,20:38,291,188,103,EV,Available,119,85,5974,Active
P0259,OMR,2026-06-29,18:40,192,156,36,Bike,Full,96,20,1080,Inactive
P0260,Adyar,2026-06-21,09:49,173,135,38,Bike,Full,134,133,874,Inactive
P0261,Adyar,2026-04-06,13:37,296,269,27,EV,Full,42,20,1917,Active
P0262,Porur,2026-04-14,05:06,67,47,20,Car,Full,25,12,820,Active
P0263,Tambaram,2026-06-22,17:40,97,21,76,Truck,Available,85,45,3876,Inactive
P0264,Adyar,2026-05-03,06:45,260,236,24,Truck,Available,92,71,1920,Inactive
P0265,Velachery,2026-05-09,16:52,155,79,76,Car,Available,86,42,4104,Active
P0266,Porur,2026-01-29,08:41,257,84,173,Car,Full,26,11,9169,Inactive
P0267,Adyar,2026-01-23,22:56,181,56,125,Car,Available,23,11,5875,Active
P0268,Adyar,2026-04-14,12:05,102,30,72,EV,Available,100,67,2232,Inactive
P0269,Guindy,2026-01-06,22:18,150,67,83,Car,Full,134,74,1992,Inactive
P0270,Adyar,2026-05-01,15:50,162,82,80,Car,Available,93,26,3360,Inactive
P0271,Anna Nagar,2026-06-21,13:39,97,46,51,EV,Available,38,38,4080,Active
P0272,Velachery,2026-01-15,08:07,248,35,213,Car,Available,94,48,13845,Inactive
P0273,Tambaram,2026-05-15,07:47,134,33,101,Car,Available,55,31,3737,Inactive
P0274,T Nagar,2026-02-27,18:01,191,11,180,Car,Available,70,28,4860,Inactive
P0275,Guindy,2026-02-25,12:21,130,22,108,EV,Full,52,14,7020,Inactive
P0276,Velachery,2026-06-19,22:06,57,4,53,Car,Available,110,78,3498,Inactive
P0277,Tambaram,2026-03-12,10:30,106,18,88,Truck,Full,60,30,5984,Inactive
P0278,Velachery,2026-05-12,08:01,74,40,34,Truck,Full,23,18,782,Active
P0279,Velachery,2026-04-14,20:54,80,22,58,Truck,Full,68,14,1798,Active
P0280,Velachery,2026-04-19,05:04,107,57,50,Truck,Available,82,16,1300,Active
P0281,Guindy,2026-02-03,23:43,67,42,25,EV,Available,36,10,1250,Inactive
P0282,Porur,2026-04-12,06:30,104,65,39,Bike,Full,133,29,2184,Active
P0283,Anna Nagar,2026-06-01,15:33,292,36,256,EV,Full,131,131,18176,Inactive
P0284,Guindy,2026-03-28,00:07,200,142,58,EV,Full,86,12,3712,Active
P0285,OMR,2026-01-16,07:19,288,196,92,Truck,Available,82,14,5428,Inactive
P0286,Guindy,2026-06-04,01:05,190,125,65,EV,Available,99,36,3770,Inactive
P0287,Velachery,2026-06-10,02:01,63,25,38,EV,Available,111,26,1292,Inactive
P0288,Porur,2026-05-24,11:03,138,47,91,Car,Available,111,60,4459,Active
P0289,Adyar,2026-02-18,08:10,269,231,38,Truck,Available,59,30,1292,Active
P0290,Porur,2026-06-28,02:15,73,16,57,Car,Available,141,85,1539,Active
P0291,Velachery,2026-06-29,03:22,100,44,56,Truck,Full,67,34,1568,Active
P0292,Adyar,2026-01-09,06:29,53,40,13,Car,Available,96,78,533,Active
P0293,Tambaram,2026-03-10,14:38,71,40,31,EV,Full,56,15,2449,Active
P0294,OMR,2026-06-16,07:30,69,3,66,Truck,Available,56,33,2508,Active
P0295,Tambaram,2026-04-22,06:47,102,5,97,EV,Available,57,28,2813,Active
P0296,Guindy,2026-02-18,18:22,51,17,34,Bike,Full,118,63,1258,Active
P0297,Adyar,2026-01-10,22:54,193,2,191,Car,Available,98,66,8213,Inactive
P0298,Adyar,2026-01-16,16:45,219,14,205,EV,Full,34,33,4305,Active
P0299,Porur,2026-01-28,06:29,143,127,16,Car,Available,112,64,560,Inactive
P0300,Porur,2026-02-27,20:00,236,122,114,EV,Full,68,26,7980,Active
P0301,T Nagar,2026-06-15,18:45,61,22,39,Truck,Available,118,42,2145,Inactive
P0302,Tambaram,2026-03-19,20:56,114,35,79,EV,Full,136,77,2291,Inactive
P0303,OMR,2026-03-19,21:48,206,168,38,Truck,Available,44,18,2318,Inactive
P0304,Velachery,2026-04-18,13:39,299,206,93,Truck,Available,72,22,6882,Inactive
P0305,OMR,2026-02-07,07:52,146,100,46,Car,Available,74,51,3174,Inactive
P0306,Tambaram,2026-02-18,23:53,107,30,77,Truck,Available,81,12,2772,Active
P0307,Guindy,2026-03-10,13:20,191,180,11,Car,Available,95,15,451,Active
P0308,Porur,2026-02-22,17:18,117,103,14,Car,Full,124,46,770,Inactive
P0309,Porur,2026-05-22,07:39,83,54,29,EV,Full,99,32,580,Active
P0310,Adyar,2026-02-27,10:11,134,92,42,Bike,Available,89,49,2478,Inactive
P0311,Tambaram,2026-06-05,19:18,240,159,81,Bike,Full,66,40,5265,Active
P0312,Anna Nagar,2026-06-19,23:45,223,213,10,Truck,Available,96,39,600,Inactive
P0313,Porur,2026-01-22,15:37,181,165,16,EV,Available,100,34,768,Inactive
P0314,Anna Nagar,2026-06-24,00:57,124,76,48,Truck,Full,36,33,1248,Inactive
P0315,Porur,2026-05-22,12:28,242,151,91,Bike,Available,60,49,3640,Active
P0316,Anna Nagar,2026-05-07,05:55,123,38,85,Truck,Available,100,43,4590,Active
P0317,Adyar,2026-04-25,01:25,209,15,194,Bike,Available,60,24,4656,Inactive
P0318,Adyar,2026-06-14,12:18,89,52,37,Truck,Full,93,11,1702,Active
P0319,Velachery,2026-05-18,06:57,200,160,40,Truck,Available,136,85,2840,Active
P0320,Guindy,2026-06-21,08:57,150,23,127,Bike,Full,60,11,3810,Active
P0321,Velachery,2026-06-27,03:52,293,180,113,EV,Full,121,107,4181,Active
P0322,Guindy,2026-02-28,00:49,177,128,49,EV,Available,87,65,1764,Active
P0323,Anna Nagar,2026-03-09,11:33,296,237,59,EV,Available,138,119,2242,Inactive
P0324,OMR,2026-02-14,02:25,88,71,17,EV,Available,117,92,663,Active
P0325,Anna Nagar,2026-02-17,19:24,80,64,16,EV,Available,46,42,752,Inactive
P0326,Tambaram,2026-05-16,13:03,202,54,148,Bike,Full,113,83,5328,Active
P0327,OMR,2026-04-07,10:58,244,54,190,Truck,Available,25,19,4750,Inactive
P0328,Porur,2026-01-17,19:43,237,41,196,Truck,Full,135,14,7448,Inactive
P0329,Guindy,2026-03-12,17:47,278,6,272,Bike,Full,105,68,12784,Inactive
P0330,Adyar,2026-05-18,21:10,290,23,267,EV,Full,47,26,15753,Active
P0331,T Nagar,2026-01-27,17:22,221,54,167,Bike,Full,127,80,12191,Inactive
P0332,Porur,2026-05-01,10:26,265,102,163,Car,Full,76,59,10432,Inactive
P0333,Porur,2026-02-06,12:59,185,130,55,Truck,Full,70,61,1705,Active
P0334,T Nagar,2026-06-14,01:40,99,36,63,EV,Full,131,114,4536,Inactive
P0335,Adyar,2026-04-26,16:16,72,35,37,Bike,Available,75,35,1998,Active
P0336,Adyar,2026-06-14,14:42,62,44,18,EV,Available,109,16,1296,Inactive
P0337,OMR,2026-04-07,10:22,69,37,32,Car,Full,102,43,2464,Inactive
P0338,Velachery,2026-05-04,07:04,225,160,65,Car,Full,116,108,4745,Active
P0339,Guindy,2026-01-12,12:33,242,32,210,Truck,Available,110,31,6720,Inactive
P0340,Velachery,2026-06-29,14:27,199,58,141,Car,Full,20,17,2820,Active
P0341,Guindy,2026-05-05,02:07,186,85,101,Car,Full,96,43,5757,Active
P0342,Velachery,2026-02-12,18:25,258,204,54,Bike,Full,132,66,2376,Inactive
P0343,Tambaram,2026-01-16,13:15,231,99,132,Truck,Available,148,76,5148,Inactive
P0344,T Nagar,2026-05-02,09:33,175,44,131,Bike,Available,108,43,3930,Inactive
P0345,T Nagar,2026-02-01,07:26,242,192,50,Truck,Available,124,60,1300,Inactive
P0346,Porur,2026-04-10,11:09,80,29,51,Car,Full,46,15,1734,Active
P0347,Adyar,2026-05-17,02:20,198,93,105,Bike,Full,21,16,4410,Inactive
P0348,Tambaram,2026-03-07,00:37,127,66,61,Car,Full,88,47,4209,Active
P0349,Velachery,2026-05-07,16:49,285,251,34,EV,Available,144,14,1258,Active
P0350,Porur,2026-03-30,01:05,265,251,14,Bike,Full,98,31,896,Inactive
P0351,Porur,2026-03-11,06:21,289,238,51,Bike,Available,89,34,2907,Inactive
P0352,Tambaram,2026-01-10,13:31,70,15,55,Bike,Available,90,19,2585,Active
P0353,Tambaram,2026-02-10,08:28,89,59,30,Truck,Available,21,14,2040,Active
P0354,Anna Nagar,2026-05-07,00:26,218,168,50,Truck,Available,68,14,1550,Inactive
P0355,Velachery,2026-03-27,06:46,212,73,139,EV,Available,146,58,9174,Active
P0356,T Nagar,2026-05-12,12:47,110,89,21,Truck,Available,130,125,1008,Inactive
P0357,Tambaram,2026-04-06,20:02,194,78,116,Truck,Full,62,22,2436,Active
P0358,OMR,2026-01-07,11:38,160,132,28,EV,Available,131,80,1148,Active
P0359,Porur,2026-02-20,08:04,103,50,53,Bike,Full,34,32,3021,Inactive
P0360,Anna Nagar,2026-04-21,18:35,70,25,45,Bike,Available,25,13,990,Inactive
P0361,OMR,2026-06-04,03:27,171,16,155,Car,Available,71,67,12090,Active
P0362,Adyar,2026-05-16,14:09,60,21,39,EV,Available,147,78,1833,Active
P0363,Velachery,2026-03-06,22:08,67,24,43,Car,Full,132,85,2623,Active
P0364,OMR,2026-04-19,07:30,189,164,25,Truck,Full,142,98,1800,Inactive
P0365,Adyar,2026-04-18,08:15,263,103,160,Bike,Full,74,48,9600,Active
P0366,Porur,2026-03-17,10:25,291,237,54,EV,Full,141,42,4320,Inactive
P0367,Tambaram,2026-03-01,12:51,259,120,139,Car,Full,41,39,10425,Inactive
P0368,Anna Nagar,2026-05-28,08:02,183,18,165,Bike,Full,21,14,9570,Active
P0369,Tambaram,2026-05-24,02:15,263,42,221,Car,Full,40,36,13923,Inactive
P0370,Velachery,2026-06-13,19:40,140,103,37,Car,Available,53,44,2627,Active
P0371,Tambaram,2026-01-11,16:54,102,52,50,Bike,Full,110,68,1600,Active
P0372,Anna Nagar,2026-05-02,17:31,56,2,54,Bike,Full,134,27,1728,Inactive
P0373,OMR,2026-05-02,20:30,141,129,12,Truck,Full,51,44,624,Active
P0374,T Nagar,2026-02-07,00:54,288,65,223,EV,Available,120,51,11150,Inactive
P0375,Porur,2026-01-05,17:44,86,67,19,Truck,Full,80,72,456,Active
P0376,Anna Nagar,2026-04-21,13:35,105,88,17,Truck,Available,106,75,901,Inactive
P0377,Guindy,2026-05-31,16:36,140,77,63,Bike,Available,101,25,3969,Inactive
P0378,Anna Nagar,2026-06-29,20:21,75,16,59,Bike,Full,138,93,1770,Active
P0379,T Nagar,2026-03-23,19:29,195,160,35,Car,Available,41,16,1540,Inactive
P0380,Anna Nagar,2026-02-07,22:41,276,212,64,EV,Available,146,80,3712,Active
P0381,Velachery,2026-02-25,11:39,53,24,29,EV,Full,93,46,1421,Active
P0382,T Nagar,2026-02-13,07:38,77,0,77,Bike,Full,101,34,2079,Active
P0383,T Nagar,2026-03-14,10:35,65,45,20,Truck,Available,134,65,760,Inactive
P0384,Tambaram,2026-01-13,06:19,101,8,93,Bike,Available,96,67,1953,Inactive
P0385,Porur,2026-04-02,00:48,104,26,78,EV,Full,138,86,1716,Inactive
P0386,Adyar,2026-03-18,17:13,232,207,25,Truck,Available,40,23,1125,Inactive
P0387,Anna Nagar,2026-01-18,12:46,60,44,16,EV,Full,112,107,912,Inactive
P0388,Guindy,2026-03-02,00:28,217,192,25,EV,Available,141,55,1825,Inactive
P0389,Anna Nagar,2026-02-11,22:00,223,187,36,Car,Available,61,36,2412,Active
P0390,OMR,2026-05-08,04:07,88,16,72,Truck,Available,58,47,2880,Active
P0391,Anna Nagar,2026-01-06,22:36,57,9,48,Truck,Available,85,78,1440,Active
P0392,Guindy,2026-04-09,15:17,77,64,13,Bike,Available,61,36,988,Inactive
P0393,Velachery,2026-03-18,05:48,295,122,173,Truck,Available,127,121,9342,Inactive
P0394,Velachery,2026-05-26,03:54,292,104,188,Car,Available,60,42,11092,Inactive
P0395,OMR,2026-04-17,02:00,254,43,211,Car,Full,50,29,8651,Inactive
P0396,Tambaram,2026-03-24,00:17,254,1,253,EV,Available,27,14,14674,Inactive
P0397,Velachery,2026-02-02,20:39,260,192,68,EV,Full,139,73,3060,Active
P0398,OMR,2026-04-16,09:30,123,20,103,EV,Full,54,35,8240,Active
P0399,Guindy,2026-01-03,18:08,123,48,75,EV,Available,29,19,5850,Inactive
P0400,Porur,2026-05-24,05:55,57,15,42,Car,Available,87,54,1386,Inactive
P0401,Guindy,2026-05-11,06:50,139,81,58,Bike,Available,107,33,3480,Inactive
P0402,T Nagar,2026-03-18,07:29,156,83,73,EV,Full,20,12,5329,Inactive
P0403,Anna Nagar,2026-04-16,03:42,67,52,15,Truck,Full,93,79,465,Inactive
P0404,OMR,2026-03-21,03:19,175,107,68,Car,Available,56,35,1564,Inactive
P0405,Adyar,2026-01-20,22:03,139,84,55,EV,Available,132,20,4070,Active
P0406,Anna Nagar,2026-03-03,07:26,55,42,13,Car,Full,73,33,481,Inactive
P0407,Anna Nagar,2026-04-05,11:28,298,265,33,EV,Available,53,16,2376,Active
P0408,Velachery,2026-02-19,10:29,128,104,24,Truck,Available,58,44,1512,Inactive
P0409,T Nagar,2026-01-02,13:39,237,124,113,EV,Available,134,65,7458,Active
P0410,Velachery,2026-05-22,11:36,125,40,85,Bike,Full,124,25,5695,Active
P0411,Adyar,2026-05-14,19:26,163,144,19,EV,Available,53,46,1140,Inactive
P0412,Adyar,2026-03-09,23:18,160,26,134,EV,Full,69,29,8040,Active
P0413,Porur,2026-05-02,12:11,115,63,52,Bike,Available,47,43,3068,Inactive
P0414,OMR,2026-06-22,16:30,159,42,117,Bike,Full,107,64,5967,Inactive
P0415,T Nagar,2026-06-21,06:49,221,58,163,Truck,Available,83,14,12877,Active
P0416,OMR,2026-03-12,12:08,57,33,24,EV,Full,118,93,984,Active
P0417,Tambaram,2026-02-16,02:07,189,64,125,Car,Full,109,105,2875,Active
P0418,Anna Nagar,2026-06-24,09:27,108,2,106,EV,Full,72,12,4346,Inactive
P0419,Guindy,2026-05-30,06:08,283,45,238,Bike,Available,90,11,9044,Active
P0420,Velachery,2026-01-15,23:25,180,160,20,Truck,Full,58,38,900,Active
P0421,OMR,2026-04-02,16:22,259,129,130,EV,Full,92,29,8190,Inactive
P0422,Anna Nagar,2026-02-04,01:06,118,31,87,Bike,Available,90,24,6177,Inactive
P0423,Guindy,2026-05-04,00:01,255,4,251,EV,Available,72,14,14809,Active
P0424,Adyar,2026-03-10,17:30,202,31,171,Truck,Available,123,27,11457,Active
P0425,T Nagar,2026-06-03,04:41,226,157,69,Car,Full,33,19,2070,Inactive
P0426,OMR,2026-02-20,16:16,210,65,145,Truck,Available,137,47,5220,Active
P0427,Tambaram,2026-01-15,06:03,94,34,60,Bike,Available,114,110,4800,Active
P0428,Tambaram,2026-03-09,09:40,282,209,73,Bike,Available,20,13,2993,Active
P0429,OMR,2026-04-20,15:42,77,27,50,Car,Available,36,21,3900,Inactive
P0430,Anna Nagar,2026-03-10,05:59,146,86,60,Car,Full,46,22,1740,Inactive
P0431,Porur,2026-06-12,22:18,110,14,96,EV,Full,147,126,6624,Inactive
P0432,T Nagar,2026-05-29,19:21,195,30,165,Truck,Available,128,113,7260,Inactive
P0433,Adyar,2026-02-19,23:46,287,47,240,Car,Available,145,120,14400,Active
P0434,T Nagar,2026-05-15,04:55,60,39,21,Truck,Full,86,50,1113,Inactive
P0435,Tambaram,2026-05-01,02:46,130,7,123,Truck,Available,38,27,8487,Active
P0436,Anna Nagar,2026-02-15,03:02,130,0,130,Truck,Full,148,13,7020,Active
P0437,OMR,2026-03-29,19:46,152,17,135,Bike,Full,102,78,5940,Active
P0438,T Nagar,2026-01-31,13:41,55,34,21,Car,Available,130,65,1659,Active
P0439,OMR,2026-01-25,10:21,282,272,10,EV,Full,143,67,490,Inactive
P0440,Adyar,2026-02-20,01:39,216,143,73,Car,Full,68,44,4891,Inactive
P0441,Velachery,2026-03-17,02:53,266,32,234,Truck,Available,28,20,11934,Active
P0442,Anna Nagar,2026-01-07,16:56,197,170,27,EV,Available,131,131,1593,Inactive
P0443,T Nagar,2026-03-30,13:27,174,154,20,Bike,Full,51,45,1020,Inactive
P0444,Adyar,2026-05-07,14:51,121,71,50,Car,Full,42,35,1850,Inactive
P0445,Anna Nagar,2026-02-04,01:14,213,196,17,Bike,Full,113,87,969,Active
P0446,T Nagar,2026-04-01,19:39,293,186,107,Truck,Available,32,15,4708,Active
P0447,Velachery,2026-01-19,16:53,164,108,56,EV,Available,30,17,2520,Inactive
P0448,Porur,2026-04-09,13:17,78,21,57,Car,Full,57,53,3762,Active
P0449,T Nagar,2026-03-13,19:05,201,190,11,Bike,Full,82,20,297,Inactive
P0450,Porur,2026-01-16,17:32,227,39,188,Bike,Full,49,17,9024,Active
P0451,Tambaram,2026-02-07,23:33,147,96,51,EV,Available,146,56,2907,Active
P0452,Anna Nagar,2026-01-04,06:03,196,186,10,Bike,Available,116,54,310,Inactive
P0453,T Nagar,2026-03-08,23:32,89,38,51,EV,Available,45,15,3264,Inactive
P0454,Tambaram,2026-01-27,11:49,66,4,62,Truck,Available,55,37,4836,Active
P0455,OMR,2026-02-06,20:21,271,124,147,Car,Available,24,12,10437,Inactive
P0456,Guindy,2026-01-03,09:04,138,74,64,Truck,Available,141,51,4288,Active
P0457,T Nagar,2026-05-13,01:54,95,31,64,Truck,Full,30,28,4352,Inactive
P0458,Tambaram,2026-06-16,08:09,106,95,11,Car,Full,125,43,561,Active
P0459,T Nagar,2026-06-15,09:13,295,227,68,Truck,Full,95,73,2176,Active
P0460,Tambaram,2026-01-22,21:25,75,10,65,Car,Full,28,23,3900,Active
P0461,OMR,2026-05-18,03:57,106,30,76,Car,Available,149,63,5928,Active
P0462,OMR,2026-05-25,19:09,232,95,137,Bike,Available,136,113,6576,Inactive
P0463,Porur,2026-03-28,10:11,116,67,49,Bike,Full,131,103,2744,Active
P0464,Porur,2026-05-27,18:22,224,154,70,Bike,Available,133,25,2520,Inactive
P0465,T Nagar,2026-03-11,17:34,55,14,41,EV,Full,142,11,1927,Active
P0466,T Nagar,2026-01-24,22:42,63,20,43,Truck,Available,96,84,3268,Inactive
P0467,Adyar,2026-04-27,18:56,62,35,27,EV,Full,129,110,1026,Active
P0468,OMR,2026-01-26,04:15,152,31,121,Bike,Available,49,27,3267,Inactive
P0469,OMR,2026-01-20,01:19,141,113,28,Car,Available,114,64,672,Active
P0470,Anna Nagar,2026-01-22,17:53,181,58,123,Truck,Full,94,28,4551,Inactive
P0471,Porur,2026-01-02,01:44,191,105,86,Bike,Available,104,24,1720,Active
P0472,Tambaram,2026-01-11,08:52,55,19,36,Truck,Full,54,27,1908,Active
P0473,OMR,2026-04-21,01:23,265,149,116,Car,Full,38,33,2900,Active
P0474,Porur,2026-05-10,12:20,192,50,142,EV,Full,104,64,10366,Active
P0475,OMR,2026-01-04,18:01,75,19,56,Car,Full,125,34,2632,Active
P0476,T Nagar,2026-03-03,20:27,160,87,73,Truck,Full,96,62,3723,Active
P0477,Guindy,2026-02-12,12:16,239,10,229,Bike,Available,30,23,10305,Active
P0478,T Nagar,2026-05-15,22:57,233,21,212,EV,Full,35,11,13992,Active
P0479,OMR,2026-03-19,17:01,241,122,119,Car,Full,27,20,3451,Inactive
P0480,Porur,2026-03-04,22:08,297,28,269,Truck,Full,150,113,11029,Active
P0481,Porur,2026-01-08,03:51,298,56,242,EV,Full,91,77,5808,Active
P0482,Tambaram,2026-04-13,17:24,261,64,197,Bike,Available,73,13,10244,Active
P0483,T Nagar,2026-04-04,18:59,130,82,48,Truck,Available,77,16,2016,Inactive
P0484,OMR,2026-04-19,18:38,297,264,33,Truck,Full,23,10,1452,Inactive
P0485,Anna Nagar,2026-04-13,09:52,270,21,249,Car,Full,74,32,16185,Active
P0486,Guindy,2026-04-02,05:28,280,113,167,Car,Full,61,13,8183,Inactive
P0487,Anna Nagar,2026-02-07,13:04,187,172,15,EV,Available,55,11,765,Inactive
P0488,Adyar,2026-02-10,04:36,144,118,26,Truck,Full,49,20,1248,Active
P0489,Guindy,2026-04-06,15:24,51,8,43,Bike,Available,114,112,2580,Inactive
P0490,Velachery,2026-01-07,18:36,199,135,64,EV,Full,22,17,5056,Active
P0491,Velachery,2026-01-27,21:40,115,17,98,Truck,Available,111,27,3822,Active
P0492,Guindy,2026-05-23,04:04,179,17,162,Truck,Available,25,22,8424,Active
P0493,Adyar,2026-02-04,10:22,63,18,45,Bike,Available,78,33,2205,Active
P0494,Velachery,2026-02-09,07:30,159,64,95,Car,Full,87,80,3990,Active
P0495,Tambaram,2026-05-10,08:51,239,82,157,Truck,Available,65,55,6908,Active
P0496,T Nagar,2026-04-21,17:50,149,119,30,Car,Available,150,59,1140,Inactive
P0497,T Nagar,2026-03-04,00:03,299,105,194,Car,Available,59,17,9506,Active
P0498,Tambaram,2026-01-14,05:10,176,117,59,Truck,Available,114,40,4720,Active
P0499,Anna Nagar,2026-04-11,06:31,296,149,147,Truck,Full,126,25,6468,Active
P0500,T Nagar,2026-05-04,20:11,289,226,63,Bike,Full,123,64,2520,Inactive
P0501,Anna Nagar,2026-01-15,17:36,126,101,25,Car,Full,88,75,1700,Active
P0502,Tambaram,2026-01-11,14:39,156,63,93,Car,Full,30,19,6324,Inactive
P0503,Tambaram,2026-03-29,20:03,108,38,70,EV,Full,147,95,3150,Inactive
P0504,T Nagar,2026-06-25,11:46,73,56,17,EV,Full,58,57,1037,Active
P0505,Guindy,2026-02-14,23:09,185,164,21,EV,Full,69,69,777,Inactive
P0506,Porur,2026-06-18,01:14,278,2,276,Truck,Full,92,92,8004,Inactive
P0507,Guindy,2026-04-02,15:49,187,155,32,Car,Full,103,84,1088,Active
P0508,T Nagar,2026-06-07,22:08,155,83,72,EV,Available,144,129,2880,Inactive
P0509,T Nagar,2026-02-03,14:21,131,89,42,Car,Available,148,12,3234,Inactive
P0510,Anna Nagar,2026-05-10,16:40,132,93,39,Bike,Available,136,128,1326,Active
P0511,T Nagar,2026-06-04,14:28,185,171,14,EV,Available,70,17,756,Inactive
P0512,Velachery,2026-05-25,19:50,95,11,84,Car,Full,110,57,2184,Inactive
P0513,Adyar,2026-04-05,12:39,68,22,46,Bike,Available,144,68,2392,Inactive
P0514,T Nagar,2026-04-16,20:50,225,208,17,Truck,Full,120,17,646,Inactive
P0515,Anna Nagar,2026-01-29,11:50,269,1,268,Car,Full,96,67,6432,Active
P0516,Adyar,2026-02-03,18:41,145,7,138,EV,Full,135,66,6348,Inactive
P0517,OMR,2026-04-16,07:27,84,15,69,EV,Full,58,16,3726,Active
P0518,Velachery,2026-01-01,23:54,180,79,101,EV,Available,51,37,2828,Inactive
P0519,Porur,2026-01-20,21:23,298,175,123,Bike,Available,102,33,4920,Inactive
P0520,Guindy,2026-05-20,03:03,86,25,61,Bike,Available,109,82,4148,Inactive
P0521,Adyar,2026-03-03,09:48,116,70,46,EV,Available,38,23,1104,Inactive
P0522,Anna Nagar,2026-05-04,02:04,279,53,226,Truck,Available,122,59,17402,Active
P0523,Tambaram,2026-01-03,19:37,164,36,128,Car,Available,97,53,3456,Active
P0524,OMR,2026-04-22,13:12,289,159,130,Truck,Available,125,106,7540,Inactive
P0525,Tambaram,2026-05-24,14:31,295,63,232,Bike,Available,86,79,15776,Active
P0526,T Nagar,2026-05-21,14:24,283,96,187,Car,Full,26,19,12155,Inactive
P0527,T Nagar,2026-06-04,14:12,267,104,163,Car,Available,112,79,9780,Inactive
P0528,T Nagar,2026-05-27,20:16,208,109,99,Car,Available,103,10,3762,Inactive
P0529,Adyar,2026-06-24,20:20,156,128,28,EV,Available,31,13,1708,Inactive
P0530,Guindy,2026-06-27,16:28,80,70,10,EV,Full,64,25,200,Inactive
P0531,T Nagar,2026-02-26,19:56,105,79,26,Truck,Available,49,10,1612,Active
P0532,Guindy,2026-03-29,23:14,97,55,42,Car,Full,52,24,1218,Active
P0533,Anna Nagar,2026-02-28,01:11,104,66,38,EV,Available,22,20,2850,Active
P0534,Porur,2026-01-06,18:10,206,86,120,EV,Available,89,47,6000,Active
P0535,OMR,2026-01-20,19:36,235,70,165,Bike,Full,87,34,3630,Inactive
P0536,Tambaram,2026-02-07,07:40,252,7,245,Car,Full,35,23,15435,Inactive
P0537,Adyar,2026-03-13,11:23,290,220,70,Truck,Full,79,23,3990,Inactive
P0538,OMR,2026-01-05,06:30,152,90,62,Truck,Full,143,78,3224,Inactive
P0539,Tambaram,2026-04-29,04:45,177,38,139,Bike,Full,72,56,7506,Inactive
P0540,Velachery,2026-01-17,00:57,112,20,92,EV,Full,125,85,5060,Active
P0541,Guindy,2026-05-08,21:36,60,36,24,EV,Full,107,84,1128,Inactive
P0542,OMR,2026-06-21,18:53,290,128,162,Bike,Available,93,17,12798,Active
P0543,Porur,2026-02-25,04:34,211,104,107,Bike,Full,146,129,6848,Inactive
P0544,Porur,2026-01-22,13:33,247,188,59,EV,Full,55,22,4012,Inactive
P0545,Guindy,2026-02-10,02:32,239,8,231,EV,Full,119,29,4851,Inactive
P0546,T Nagar,2026-05-25,18:51,180,91,89,Bike,Full,55,44,5785,Active
P0547,Velachery,2026-03-29,04:55,116,73,43,Car,Available,93,69,2537,Inactive
P0548,Anna Nagar,2026-06-15,23:39,147,65,82,Bike,Available,110,41,5986,Active
P0549,Guindy,2026-01-09,06:23,294,23,271,Truck,Full,73,63,21138,Active
P0550,Velachery,2026-02-09,21:53,64,26,38,Truck,Full,82,46,2584,Active
P0551,T Nagar,2026-02-26,14:25,264,37,227,Bike,Full,137,117,14755,Inactive
P0552,Adyar,2026-03-18,16:30,239,169,70,Bike,Full,45,23,5600,Active
P0553,Adyar,2026-02-22,11:16,91,26,65,Car,Full,32,28,1820,Active
P0554,T Nagar,2026-05-30,09:18,221,40,181,Car,Full,99,68,6335,Inactive
P0555,Tambaram,2026-01-21,21:25,129,50,79,Bike,Full,135,42,2370,Active
P0556,Guindy,2026-02-09,07:28,271,120,151,Bike,Available,29,18,8305,Active
P0557,Porur,2026-03-21,05:13,167,60,107,Truck,Full,113,113,7704,Inactive
P0558,Porur,2026-05-22,23:11,89,9,80,Car,Full,127,18,1920,Active
P0559,Adyar,2026-03-09,11:13,105,35,70,Bike,Full,95,81,1540,Active
P0560,OMR,2026-02-11,23:59,106,10,96,EV,Full,20,17,6912,Active
P0561,Tambaram,2026-03-19,01:57,132,21,111,Truck,Available,129,129,6993,Active
P0562,Guindy,2026-04-08,20:12,232,161,71,Car,Full,149,28,5609,Active
P0563,Velachery,2026-01-14,04:06,245,195,50,Bike,Full,95,28,1400,Active
P0564,Tambaram,2026-06-05,10:22,60,19,41,Car,Available,72,52,1353,Inactive
P0565,Porur,2026-05-10,11:22,256,31,225,Bike,Available,59,43,8100,Inactive
P0566,Tambaram,2026-01-15,21:00,203,94,109,EV,Full,149,93,5232,Inactive
P0567,OMR,2026-01-16,06:14,195,40,155,Car,Available,89,36,5270,Active
P0568,Porur,2026-03-04,02:18,295,90,205,Bike,Available,128,102,14145,Active
P0569,OMR,2026-05-13,06:04,274,225,49,Car,Full,88,87,2989,Active
P0570,OMR,2026-03-11,08:27,260,71,189,EV,Available,133,116,7371,Inactive
P0571,Porur,2026-03-18,11:10,131,57,74,Car,Available,141,110,5254,Active
P0572,OMR,2026-05-05,00:00,140,31,109,EV,Available,71,45,6758,Active
P0573,Tambaram,2026-01-15,13:31,67,27,40,EV,Available,42,21,1880,Inactive
P0574,OMR,2026-03-15,23:16,179,154,25,Truck,Available,100,42,1175,Active
P0575,Porur,2026-03-23,09:03,67,29,38,Car,Available,136,63,1330,Inactive
P0576,Porur,2026-03-30,08:17,156,121,35,Bike,Available,43,15,1820,Active
P0577,T Nagar,2026-02-17,04:39,98,57,41,EV,Available,129,12,2665,Active
P0578,T Nagar,2026-02-07,21:00,105,95,10,EV,Available,123,16,680,Active
P0579,Adyar,2026-01-21,08:06,260,26,234,Truck,Full,79,67,18018,Active
P0580,OMR,2026-05-16,13:59,247,117,130,EV,Full,25,22,5720,Active
P0581,Porur,2026-06-06,02:25,97,78,19,EV,Full,94,43,494,Inactive
P0582,Tambaram,2026-05-13,12:29,122,79,43,EV,Available,24,16,860,Inactive
P0583,Adyar,2026-04-26,09:35,122,14,108,Truck,Full,40,34,5616,Active
P0584,Adyar,2026-02-22,06:46,297,137,160,Truck,Available,111,94,7680,Active
P0585,Porur,2026-03-06,00:18,208,56,152,Bike,Full,76,18,8056,Inactive
P0586,Tambaram,2026-06-08,21:38,54,32,22,Bike,Full,74,71,1342,Inactive
P0587,Guindy,2026-06-05,14:43,189,128,61,Bike,Full,29,16,2501,Inactive
P0588,Adyar,2026-05-09,04:11,187,133,54,Truck,Available,136,125,1080,Inactive
P0589,Tambaram,2026-01-22,00:44,195,131,64,EV,Available,147,31,2432,Inactive
P0590,Velachery,2026-03-24,22:17,223,50,173,Car,Available,77,50,7439,Inactive
P0591,Velachery,2026-06-08,12:09,268,40,228,Bike,Available,73,69,10716,Active
P0592,T Nagar,2026-02-24,12:29,74,52,22,EV,Available,96,20,858,Active
P0593,T Nagar,2026-05-04,18:51,200,181,19,Truck,Available,93,84,665,Active
P0594,T Nagar,2026-03-15,05:09,111,55,56,EV,Available,116,32,2464,Active
P0595,Tambaram,2026-06-24,23:41,167,101,66,Bike,Available,23,14,2046,Active
P0596,T Nagar,2026-03-17,21:37,232,161,71,Truck,Available,36,28,1704,Inactive
P0597,Adyar,2026-03-17,11:52,143,40,103,Truck,Available,98,18,2369,Inactive
P0598,Porur,2026-01-19,14:22,222,24,198,Bike,Available,133,19,7722,Active
P0599,Porur,2026-05-20,19:33,142,9,133,Truck,Full,85,71,5187,Active
P0600,Tambaram,2026-05-24,15:34,269,70,199,Car,Available,139,15,5373,Inactive
P0601,Anna Nagar,2026-03-18,03:57,275,168,107,Bike,Available,58,52,5243,Active
P0602,T Nagar,2026-04-23,00:19,150,56,94,Car,Full,144,73,6392,Active
P0603,Velachery,2026-05-24,07:11,194,161,33,Bike,Available,90,54,726,Active
P0604,OMR,2026-01-10,02:54,69,25,44,Truck,Available,57,27,2640,Active
P0605,OMR,2026-04-22,01:59,281,219,62,Car,Full,110,68,2294,Inactive
P0606,OMR,2026-06-29,15:25,210,178,32,Bike,Available,84,31,2528,Active
P0607,Tambaram,2026-06-23,11:47,252,87,165,EV,Full,36,32,8580,Inactive
P0608,Velachery,2026-05-19,14:55,139,59,80,Car,Available,130,109,3760,Active
P0609,Tambaram,2026-01-29,09:08,262,134,128,Bike,Full,41,16,7680,Active
P0610,T Nagar,2026-01-28,18:25,264,191,73,EV,Available,60,42,2117,Inactive
P0611,Guindy,2026-04-19,11:45,110,58,52,Truck,Full,141,111,1352,Inactive
P0612,Porur,2026-01-21,14:37,131,7,124,Truck,Available,35,32,9052,Inactive
P0613,Tambaram,2026-05-29,18:23,209,153,56,EV,Available,51,21,3976,Active
P0614,Anna Nagar,2026-01-25,05:26,258,87,171,Car,Full,24,21,5301,Active
P0615,OMR,2026-03-28,16:57,207,144,63,Truck,Available,106,16,4473,Active
P0616,Guindy,2026-06-06,02:34,260,38,222,Truck,Available,57,42,17094,Inactive
P0617,Tambaram,2026-06-13,09:05,144,6,138,Car,Available,73,22,7866,Inactive
P0618,Guindy,2026-04-27,20:49,280,265,15,Truck,Full,34,16,1110,Active
P0619,OMR,2026-04-04,14:36,85,52,33,EV,Full,146,68,759,Active
P0620,Velachery,2026-04-13,11:47,185,117,68,Truck,Full,40,20,4284,Active
P0621,Adyar,2026-06-10,13:48,293,0,293,Truck,Full,106,71,23147,Inactive
P0622,OMR,2026-06-18,00:03,165,150,15,Truck,Available,64,60,630,Inactive
P0623,T Nagar,2026-04-30,02:32,81,19,62,EV,Full,134,76,4092,Inactive
P0624,Tambaram,2026-02-22,06:48,117,7,110,Truck,Full,96,91,6490,Active
P0625,Adyar,2026-04-19,10:19,146,3,143,Truck,Full,40,18,10010,Active
P0626,OMR,2026-05-04,16:54,189,152,37,Truck,Full,106,26,925,Active
P0627,Tambaram,2026-05-19,17:51,258,75,183,Bike,Full,57,46,11163,Inactive
P0628,T Nagar,2026-02-11,09:01,143,58,85,Truck,Available,38,12,2210,Active
P0629,Tambaram,2026-03-19,07:22,195,97,98,Bike,Full,122,67,6370,Inactive
P0630,T Nagar,2026-01-24,00:40,96,17,79,EV,Full,63,40,1580,Active
P0631,Anna Nagar,2026-05-15,04:48,187,34,153,Car,Available,29,11,11475,Active
P0632,OMR,2026-05-21,12:20,205,160,45,Truck,Available,56,28,945,Active
P0633,Porur,2026-04-17,02:06,157,36,121,Truck,Available,123,111,2662,Active
P0634,Porur,2026-05-05,12:28,178,19,159,EV,Available,71,55,10494,Active
P0635,Adyar,2026-01-21,19:36,295,95,200,Truck,Available,136,76,14800,Inactive
P0636,T Nagar,2026-03-22,19:57,202,52,150,Truck,Available,31,16,3450,Active
P0637,Guindy,2026-03-20,05:24,146,110,36,Bike,Available,85,42,1908,Active
P0638,Velachery,2026-04-11,00:52,96,31,65,Bike,Available,36,24,4485,Inactive
P0639,Anna Nagar,2026-03-03,22:58,103,80,23,Truck,Full,102,47,1127,Active
P0640,Guindy,2026-03-12,09:35,160,62,98,Car,Available,118,99,7840,Active
P0641,Tambaram,2026-04-02,14:59,98,71,27,EV,Available,143,75,1620,Active
P0642,Tambaram,2026-03-26,07:31,222,79,143,Bike,Available,89,47,3146,Active
P0643,Adyar,2026-03-21,09:46,93,22,71,EV,Full,40,25,4118,Active
P0644,Guindy,2026-02-22,23:22,121,23,98,Truck,Available,39,19,3136,Active
P0645,T Nagar,2026-03-31,20:05,88,45,43,Car,Available,74,71,1075,Active
P0646,Porur,2026-02-26,01:01,131,106,25,EV,Available,118,99,525,Active
P0647,Adyar,2026-06-16,05:22,268,95,173,EV,Available,119,68,7958,Active
P0648,OMR,2026-05-30,13:05,149,110,39,Bike,Available,67,39,1131,Active
P0649,T Nagar,2026-04-23,09:39,115,52,63,Car,Full,76,37,3528,Active
P0650,Velachery,2026-02-03,10:33,55,3,52,Car,Full,53,17,2444,Inactive
P0651,Tambaram,2026-03-14,13:57,60,16,44,EV,Full,85,44,2772,Active
P0652,Porur,2026-01-07,07:03,267,175,92,Bike,Full,90,15,5520,Active
P0653,Anna Nagar,2026-02-21,22:53,232,104,128,Truck,Full,85,59,8960,Inactive
P0654,T Nagar,2026-02-11,02:07,175,88,87,Truck,Available,42,16,6699,Inactive
P0655,Velachery,2026-05-13,22:17,99,45,54,Car,Available,103,18,2160,Active
P0656,Tambaram,2026-05-01,23:29,61,7,54,Truck,Full,138,136,1080,Inactive
P0657,T Nagar,2026-02-06,07:44,131,83,48,Truck,Available,114,57,3024,Active
P0658,OMR,2026-01-26,04:06,107,91,16,Car,Available,117,87,416,Active
P0659,Adyar,2026-04-11,05:05,173,15,158,Bike,Full,123,29,11534,Inactive
P0660,Tambaram,2026-02-23,17:25,92,4,88,EV,Available,67,24,7040,Inactive
P0661,Tambaram,2026-04-04,09:45,66,28,38,Truck,Full,106,14,2964,Inactive
P0662,Velachery,2026-04-12,03:41,149,87,62,Truck,Full,64,31,1364,Inactive
P0663,Guindy,2026-01-24,12:56,192,155,37,Bike,Full,111,50,1480,Active
P0664,Porur,2026-03-05,22:47,138,45,93,Car,Full,122,54,5394,Active
P0665,Guindy,2026-02-08,17:13,277,29,248,Truck,Full,97,31,15376,Inactive
P0666,Porur,2026-03-27,06:35,181,52,129,Car,Full,129,37,4902,Inactive
P0667,Guindy,2026-02-12,13:03,254,8,246,Bike,Full,84,80,7626,Active
P0668,T Nagar,2026-02-20,08:15,145,130,15,EV,Available,42,25,420,Inactive
P0669,OMR,2026-06-15,17:36,294,266,28,Bike,Available,47,34,1008,Inactive
P0670,Anna Nagar,2026-06-01,17:07,147,17,130,EV,Full,81,42,10140,Active
P0671,Porur,2026-03-09,20:47,89,75,14,EV,Full,140,29,406,Active
P0672,Tambaram,2026-03-30,19:55,189,30,159,EV,Available,72,18,10176,Active
P0673,T Nagar,2026-04-02,09:15,170,43,127,Truck,Full,49,13,7620,Inactive
P0674,Porur,2026-04-02,04:49,139,123,16,Car,Available,91,59,816,Inactive
P0675,Guindy,2026-05-09,05:42,137,120,17,EV,Full,68,27,612,Inactive
P0676,Guindy,2026-03-26,06:50,156,43,113,Truck,Available,47,12,7910,Inactive
P0677,Velachery,2026-03-06,19:01,98,27,71,Bike,Available,51,23,3479,Active
P0678,OMR,2026-04-21,06:07,65,25,40,Truck,Full,140,107,920,Inactive
P0679,Adyar,2026-02-20,06:54,149,96,53,Car,Full,117,38,3816,Inactive
P0680,Anna Nagar,2026-06-27,20:58,130,67,63,Truck,Full,70,46,2016,Active
P0681,Tambaram,2026-02-18,03:14,270,149,121,EV,Full,128,63,3267,Active
P0682,Porur,2026-04-30,23:40,85,21,64,Truck,Available,120,40,2880,Inactive
P0683,Tambaram,2026-01-22,07:15,141,104,37,EV,Full,64,21,2775,Inactive
P0684,Tambaram,2026-05-16,01:33,268,150,118,Bike,Available,113,80,6018,Active
P0685,Guindy,2026-05-08,15:48,162,102,60,Truck,Full,68,13,2100,Inactive
P0686,Adyar,2026-03-15,10:54,240,26,214,Bike,Full,87,50,13696,Inactive
P0687,OMR,2026-03-19,16:45,55,32,23,Car,Full,96,19,1104,Inactive
P0688,Tambaram,2026-05-30,01:00,256,157,99,Truck,Full,58,47,4851,Inactive
P0689,Porur,2026-03-02,08:03,79,27,52,EV,Available,139,110,1144,Active
P0690,T Nagar,2026-01-19,02:06,223,128,95,Truck,Available,123,42,5985,Active
P0691,OMR,2026-01-01,22:17,255,16,239,EV,Available,147,147,10516,Active
P0692,Anna Nagar,2026-02-17,08:37,217,162,55,Car,Available,65,40,1705,Inactive
P0693,Velachery,2026-05-21,21:00,132,66,66,EV,Available,136,52,4158,Inactive
P0694,T Nagar,2026-01-02,12:05,205,28,177,EV,Available,138,107,3717,Active
P0695,Velachery,2026-03-16,17:08,215,141,74,EV,Available,113,44,1924,Active
P0696,OMR,2026-06-25,09:38,177,166,11,Car,Full,111,67,297,Inactive
P0697,T Nagar,2026-01-23,23:23,204,183,21,Bike,Full,119,65,966,Inactive
P0698,T Nagar,2026-05-23,12:45,242,66,176,Bike,Available,65,15,10736,Active
P0699,Velachery,2026-05-10,04:55,89,39,50,Bike,Full,108,57,1150,Active
P0700,Porur,2026-05-21,10:55,270,131,139,Car,Full,70,55,5699,Active
P0701,Adyar,2026-05-22,20:04,83,28,55,EV,Full,87,72,2750,Inactive
P0702,Anna Nagar,2026-03-17,14:14,120,26,94,Car,Available,92,92,4512,Inactive
P0703,Velachery,2026-03-25,10:20,287,108,179,Bike,Full,109,26,4833,Active
P0704,Tambaram,2026-01-11,18:27,227,117,110,Car,Available,96,27,5060,Active
P0705,Porur,2026-05-13,08:10,196,77,119,Truck,Available,49,37,9163,Active
P0706,T Nagar,2026-06-11,18:28,115,49,66,Bike,Available,87,56,4488,Inactive
P0707,OMR,2026-06-02,21:33,102,21,81,Truck,Full,52,14,3888,Active
P0708,Tambaram,2026-01-17,04:11,144,39,105,Car,Full,50,10,5145,Inactive
P0709,Adyar,2026-04-10,10:27,253,90,163,Bike,Full,31,18,3749,Active
P0710,OMR,2026-05-17,04:17,131,59,72,Truck,Full,138,110,5544,Inactive
P0711,T Nagar,2026-02-25,20:17,51,26,25,EV,Available,118,106,1650,Inactive
P0712,Anna Nagar,2026-01-09,15:40,275,40,235,Truck,Full,102,41,18330,Active
P0713,Guindy,2026-05-04,05:33,202,130,72,Car,Full,88,35,4968,Active
P0714,Adyar,2026-01-11,19:52,218,149,69,Car,Full,90,27,3726,Inactive
P0715,Anna Nagar,2026-04-26,20:45,59,2,57,Truck,Full,131,69,2337,Active
P0716,Anna Nagar,2026-04-27,05:16,56,26,30,Bike,Available,83,42,1920,Inactive
P0717,Velachery,2026-05-06,02:59,194,17,177,Bike,Available,86,27,12213,Inactive
P0718,Velachery,2026-03-28,01:12,241,211,30,Bike,Full,21,21,2310,Active
P0719,Porur,2026-06-25,18:26,133,115,18,Bike,Full,132,62,918,Inactive
P0720,Porur,2026-01-30,08:13,72,53,19,EV,Available,98,96,1368,Inactive
P0721,Adyar,2026-05-18,09:38,150,92,58,Truck,Full,48,25,1972,Active
P0722,Adyar,2026-06-11,10:53,139,11,128,Truck,Full,126,79,10112,Inactive
P0723,OMR,2026-04-05,18:38,90,70,20,Truck,Full,61,46,420,Active
P0724,T Nagar,2026-06-11,03:18,263,172,91,EV,Available,70,37,4368,Inactive
P0725,T Nagar,2026-03-26,00:06,179,134,45,Car,Full,27,17,2430,Active
P0726,T Nagar,2026-06-07,22:43,61,28,33,EV,Available,138,96,2376,Active
P0727,T Nagar,2026-04-17,19:08,109,23,86,Car,Full,52,44,3956,Inactive
P0728,Anna Nagar,2026-01-12,05:06,97,80,17,EV,Full,21,17,595,Inactive
P0729,Tambaram,2026-04-23,02:05,95,45,50,Truck,Full,149,52,1000,Inactive
P0730,Guindy,2026-06-19,16:45,277,236,41,Bike,Available,63,58,943,Active
P0731,Tambaram,2026-02-26,03:46,152,65,87,Bike,Available,82,51,1827,Inactive
P0732,Anna Nagar,2026-01-02,05:41,164,124,40,Truck,Available,147,134,1320,Active
P0733,OMR,2026-06-04,18:58,233,160,73,Car,Available,34,30,4672,Inactive
P0734,Tambaram,2026-03-31,01:05,258,47,211,Car,Available,131,96,13082,Active
P0735,Porur,2026-04-18,05:03,237,72,165,EV,Available,23,13,12045,Inactive
P0736,OMR,2026-05-20,21:05,108,0,108,Car,Full,111,17,4104,Active
P0737,Adyar,2026-01-21,15:24,293,23,270,EV,Available,101,18,5940,Inactive
P0738,Porur,2026-03-09,10:56,226,174,52,Truck,Full,128,70,4108,Inactive
P0739,Anna Nagar,2026-03-17,15:00,208,91,117,Car,Available,76,23,5616,Active
P0740,Tambaram,2026-06-11,04:27,153,126,27,Bike,Available,106,47,1863,Inactive
P0741,Porur,2026-05-13,19:20,162,69,93,Car,Full,117,47,5208,Active
P0742,T Nagar,2026-01-10,12:02,92,14,78,Truck,Full,44,37,4368,Inactive
P0743,Adyar,2026-06-25,04:29,265,126,139,Bike,Available,24,18,11120,Active
P0744,Porur,2026-03-09,03:14,170,27,143,EV,Full,138,81,10296,Inactive
P0745,Anna Nagar,2026-06-15,23:11,172,160,12,EV,Full,53,52,936,Active
P0746,OMR,2026-06-29,07:21,115,36,79,EV,Full,143,27,4661,Active
P0747,Guindy,2026-05-16,05:02,263,18,245,Car,Full,106,17,11025,Active
P0748,OMR,2026-03-23,17:33,67,17,50,Truck,Available,63,47,4000,Inactive
P0749,Porur,2026-03-16,19:00,257,81,176,Bike,Available,119,14,11264,Active
P0750,Porur,2026-01-07,02:58,217,56,161,EV,Available,86,16,3864,Inactive
P0751,Guindy,2026-04-03,04:31,281,236,45,EV,Full,50,28,1575,Active
P0752,Porur,2026-04-07,11:53,270,78,192,EV,Available,119,52,13824,Inactive
P0753,T Nagar,2026-04-02,13:20,152,70,82,EV,Full,92,46,3198,Inactive
P0754,Guindy,2026-04-18,22:52,153,55,98,Bike,Full,90,15,6860,Inactive
P0755,OMR,2026-02-13,00:46,96,29,67,Truck,Full,29,23,4690,Active
P0756,Tambaram,2026-04-01,13:26,239,178,61,Bike,Full,100,99,2623,Active
P0757,T Nagar,2026-05-23,18:46,224,116,108,Bike,Full,70,46,4104,Active
P0758,Tambaram,2026-02-25,21:12,105,66,39,EV,Available,36,17,936,Inactive
P0759,T Nagar,2026-02-12,19:36,216,28,188,Truck,Available,74,13,8460,Inactive
P0760,OMR,2026-01-28,20:03,65,9,56,Bike,Full,32,25,4088,Active
P0761,Adyar,2026-05-21,17:22,147,21,126,Bike,Full,33,32,9072,Inactive
P0762,Guindy,2026-01-29,06:09,180,56,124,EV,Available,29,26,5828,Inactive
P0763,Guindy,2026-05-21,22:12,279,113,166,Bike,Available,110,17,6806,Active
P0764,Anna Nagar,2026-02-16,08:57,101,12,89,Car,Full,95,59,4806,Inactive
P0765,Guindy,2026-03-23,14:27,214,74,140,EV,Available,59,58,11060,Inactive
P0766,Anna Nagar,2026-05-12,03:14,236,147,89,Truck,Full,108,20,6853,Active
P0767,Porur,2026-03-12,09:33,172,161,11,EV,Available,100,62,341,Inactive
P0768,Porur,2026-03-26,22:49,295,225,70,Car,Available,147,89,3850,Active
P0769,Guindy,2026-05-26,20:58,194,157,37,Truck,Full,21,15,1443,Inactive
P0770,OMR,2026-02-18,08:35,227,121,106,Bike,Available,85,62,3604,Active
P0771,Porur,2026-06-07,19:13,153,28,125,Truck,Available,55,18,9625,Active
P0772,Velachery,2026-04-28,19:09,281,242,39,EV,Full,70,46,1014,Active
P0773,OMR,2026-01-23,12:04,51,27,24,EV,Available,142,85,1656,Active
P0774,Velachery,2026-02-28,11:41,143,59,84,Bike,Available,128,53,5880,Inactive
P0775,Tambaram,2026-02-08,16:21,54,1,53,Bike,Available,113,92,4134,Active
P0776,Tambaram,2026-05-31,00:49,164,58,106,Car,Full,87,18,4664,Active
P0777,T Nagar,2026-06-21,09:00,169,53,116,Truck,Available,119,117,7772,Active
P0778,Adyar,2026-03-14,09:52,200,88,112,Truck,Available,130,75,6384,Active
P0779,Guindy,2026-04-27,19:26,265,58,207,Car,Available,134,15,5175,Inactive
P0780,Porur,2026-03-27,23:21,265,101,164,Bike,Full,101,91,3280,Active
P0781,Adyar,2026-04-20,15:17,202,75,127,EV,Full,135,49,6350,Active
P0782,Tambaram,2026-01-30,10:15,176,38,138,Truck,Full,30,23,8694,Inactive
P0783,Adyar,2026-03-23,23:32,141,54,87,Car,Available,85,14,4785,Inactive
P0784,Velachery,2026-02-02,04:49,254,114,140,EV,Available,109,87,5320,Inactive
P0785,Guindy,2026-01-10,22:22,243,209,34,Car,Full,74,46,2176,Active
P0786,Porur,2026-01-07,20:37,191,34,157,Truck,Full,35,26,9577,Active
P0787,Porur,2026-02-16,15:10,253,106,147,Truck,Full,142,66,11319,Active
P0788,Guindy,2026-04-30,17:27,147,124,23,Car,Full,54,47,1817,Active
P0789,Anna Nagar,2026-06-15,09:51,271,171,100,Bike,Full,102,30,6200,Inactive
P0790,T Nagar,2026-01-13,18:33,289,234,55,EV,Available,82,69,3135,Active
P0791,OMR,2026-05-13,02:16,268,44,224,Bike,Available,137,21,4928,Inactive
P0792,Anna Nagar,2026-04-13,05:31,193,135,58,Truck,Available,136,86,2320,Inactive
P0793,Adyar,2026-06-16,23:00,258,143,115,EV,Available,31,25,8165,Inactive
P0794,T Nagar,2026-05-11,08:10,194,6,188,Bike,Full,53,43,7896,Inactive
P0795,OMR,2026-06-09,23:04,53,35,18,Truck,Available,128,81,954,Active
P0796,Adyar,2026-04-12,10:46,136,10,126,Car,Available,118,108,6804,Active
P0797,OMR,2026-02-03,15:10,103,5,98,Truck,Available,47,15,6664,Inactive
P0798,T Nagar,2026-05-22,06:04,285,18,267,Car,Full,143,125,20292,Inactive
P0799,Tambaram,2026-05-19,23:53,146,49,97,Car,Full,55,55,4850,Inactive
P0800,Anna Nagar,2026-03-08,09:51,216,96,120,Bike,Available,96,79,9600,Inactive
P0801,Adyar,2026-01-21,13:37,218,198,20,EV,Full,96,43,800,Inactive
P0802,Porur,2026-05-26,02:22,155,106,49,Truck,Full,104,79,2205,Active
P0803,T Nagar,2026-06-02,15:39,139,8,131,Car,Available,41,22,9301,Active
P0804,Guindy,2026-01-03,21:16,291,51,240,EV,Available,45,31,10560,Active
P0805,Tambaram,2026-02-14,00:54,79,9,70,EV,Available,30,21,2590,Active
P0806,Porur,2026-06-28,17:34,162,119,43,Bike,Full,107,60,1247,Inactive
P0807,T Nagar,2026-04-19,14:26,220,68,152,Bike,Full,67,18,3040,Inactive
P0808,Adyar,2026-06-04,21:00,67,3,64,Bike,Full,26,24,5120,Active
P0809,Tambaram,2026-02-10,07:59,222,211,11,Car,Full,111,33,726,Inactive
P0810,Porur,2026-06-21,07:57,270,41,229,EV,Available,89,22,16030,Active
P0811,Anna Nagar,2026-02-08,20:08,100,29,71,EV,Available,47,12,5396,Active
P0812,Tambaram,2026-06-15,20:28,229,66,163,EV,Available,41,10,10595,Active
P0813,Velachery,2026-04-02,13:27,159,141,18,Bike,Full,43,12,1116,Active
P0814,Velachery,2026-06-13,13:43,273,48,225,Car,Available,114,61,13500,Active
P0815,Velachery,2026-01-28,06:30,293,190,103,Truck,Full,45,17,6386,Inactive
P0816,T Nagar,2026-03-07,17:28,172,60,112,Car,Full,68,55,3024,Inactive
P0817,Velachery,2026-05-03,14:21,245,84,161,EV,Full,131,66,10143,Inactive
P0818,Guindy,2026-01-16,10:07,93,1,92,Car,Full,101,88,5244,Inactive
P0819,Anna Nagar,2026-04-23,15:16,93,76,17,Car,Available,38,23,340,Inactive
P0820,Velachery,2026-05-22,16:20,271,187,84,Truck,Available,116,46,5544,Active
P0821,Guindy,2026-04-21,03:14,223,156,67,Car,Full,54,53,4757,Active
P0822,OMR,2026-02-24,13:01,76,42,34,EV,Available,116,76,1564,Inactive
P0823,OMR,2026-05-11,04:25,64,23,41,EV,Full,71,22,902,Inactive
P0824,Tambaram,2026-01-11,20:34,217,65,152,Truck,Full,102,48,6080,Inactive
P0825,T Nagar,2026-01-25,09:10,281,76,205,Bike,Full,28,14,14760,Inactive
P0826,Guindy,2026-04-21,11:08,143,2,141,Car,Full,109,75,7614,Inactive
P0827,Velachery,2026-02-01,07:24,178,121,57,Truck,Full,38,26,4275,Active
P0828,Porur,2026-06-08,09:00,256,133,123,Car,Available,62,51,7626,Active
P0829,OMR,2026-05-17,04:09,83,21,62,Car,Full,128,63,1922,Inactive
P0830,Velachery,2026-03-06,18:57,281,18,263,EV,Full,36,32,12098,Inactive
P0831,Anna Nagar,2026-05-01,23:55,54,6,48,Car,Available,110,24,1536,Active
P0832,Adyar,2026-04-05,04:36,150,32,118,Car,Full,98,26,5074,Active
P0833,Anna Nagar,2026-05-25,18:43,69,9,60,Truck,Full,141,97,2280,Inactive
P0834,Tambaram,2026-05-21,01:40,85,8,77,Car,Full,84,78,1540,Active
P0835,Velachery,2026-02-23,09:59,151,38,113,Bike,Full,135,127,7797,Active
P0836,Porur,2026-04-30,00:13,151,124,27,EV,Available,99,52,756,Inactive
P0837,OMR,2026-05-09,13:25,120,88,32,Car,Available,119,40,1152,Inactive
P0838,OMR,2026-05-03,13:28,177,14,163,Bike,Full,99,49,4238,Active
P0839,T Nagar,2026-05-26,03:41,190,17,173,Truck,Available,29,21,6747,Inactive
P0840,Velachery,2026-02-15,01:06,153,43,110,EV,Available,141,12,7920,Active
P0841,T Nagar,2026-04-02,13:51,83,60,23,Car,Full,76,48,483,Active
P0842,Anna Nagar,2026-04-25,20:37,297,56,241,Truck,Full,73,41,7230,Inactive
P0843,Anna Nagar,2026-02-27,12:04,268,198,70,EV,Available,53,28,5320,Inactive
P0844,Adyar,2026-05-05,03:00,229,81,148,Truck,Full,121,69,7252,Active
P0845,OMR,2026-02-06,05:33,232,220,12,EV,Full,90,23,360,Inactive
P0846,Anna Nagar,2026-05-21,17:57,135,46,89,Truck,Full,98,37,6408,Active
P0847,OMR,2026-06-03,12:35,176,156,20,Car,Available,106,38,400,Inactive
P0848,Porur,2026-04-10,21:19,197,143,54,Bike,Full,49,47,4320,Active
P0849,T Nagar,2026-01-25,20:10,224,121,103,EV,Available,90,68,2678,Inactive
P0850,Guindy,2026-06-15,10:21,183,118,65,Truck,Full,47,36,4550,Inactive
P0851,Guindy,2026-03-25,10:08,70,52,18,Car,Full,79,24,702,Inactive
P0852,Anna Nagar,2026-02-20,17:25,125,99,26,Car,Available,66,28,1898,Active
P0853,Porur,2026-05-27,20:20,130,53,77,EV,Available,64,42,3311,Inactive
P0854,Tambaram,2026-05-05,14:38,125,104,21,Car,Available,85,65,651,Inactive
P0855,Velachery,2026-02-21,23:53,284,106,178,EV,Available,29,17,5340,Inactive
P0856,OMR,2026-01-27,03:58,203,3,200,Bike,Full,106,77,15400,Active
P0857,Anna Nagar,2026-06-30,22:14,142,50,92,EV,Available,72,16,2392,Active
P0858,Adyar,2026-01-21,10:46,119,14,105,Car,Available,128,66,3780,Inactive
P0859,Porur,2026-02-28,15:57,265,0,265,EV,Available,93,69,15370,Active
P0860,Tambaram,2026-02-01,08:44,242,72,170,EV,Full,80,52,4760,Inactive
P0861,Anna Nagar,2026-01-17,11:16,244,49,195,Car,Full,123,47,6240,Inactive
P0862,Guindy,2026-04-04,22:37,201,171,30,EV,Full,46,37,1860,Active
P0863,Porur,2026-01-06,04:05,237,22,215,Car,Available,144,48,17200,Inactive
P0864,Adyar,2026-01-25,18:54,154,79,75,Bike,Full,83,14,5325,Active
P0865,Velachery,2026-03-08,22:59,101,61,40,EV,Full,150,80,3200,Inactive
P0866,Guindy,2026-03-15,00:10,138,16,122,EV,Available,84,38,4636,Inactive
P0867,Anna Nagar,2026-06-02,16:45,162,19,143,Truck,Available,127,56,6292,Inactive
P0868,Anna Nagar,2026-04-28,12:27,225,28,197,EV,Full,100,68,10638,Active
P0869,T Nagar,2026-01-27,17:43,214,133,81,Bike,Full,89,54,5994,Active
P0870,Adyar,2026-04-02,13:20,193,26,167,EV,Full,59,52,4008,Inactive
P0871,Anna Nagar,2026-04-20,13:52,269,120,149,EV,Full,134,74,7152,Inactive
P0872,Guindy,2026-02-03,11:58,255,104,151,Car,Available,108,49,6946,Active
P0873,Porur,2026-02-24,19:15,61,9,52,Bike,Full,147,116,2756,Inactive
P0874,Velachery,2026-05-11,13:30,66,38,28,Truck,Full,73,42,2128,Inactive
P0875,Guindy,2026-01-19,22:13,186,87,99,Car,Full,109,63,4356,Active
P0876,Velachery,2026-03-18,23:40,298,194,104,Bike,Full,104,65,2392,Active
P0877,OMR,2026-04-01,11:51,279,248,31,Car,Full,48,32,1922,Inactive
P0878,T Nagar,2026-06-02,09:21,270,191,79,Car,Full,108,42,3397,Active
P0879,Guindy,2026-04-10,15:22,289,275,14,Car,Available,130,75,1106,Inactive
P0880,OMR,2026-01-11,03:02,116,25,91,Bike,Full,138,80,4095,Inactive
P0881,Porur,2026-03-09,02:04,271,93,178,Truck,Available,46,12,4094,Active
P0882,Velachery,2026-02-21,13:00,94,33,61,Car,Full,62,37,1769,Inactive
P0883,Adyar,2026-06-29,05:33,90,26,64,Car,Full,146,66,1280,Inactive
P0884,T Nagar,2026-05-14,23:15,212,148,64,EV,Available,111,53,1408,Active
P0885,Tambaram,2026-04-25,20:31,95,41,54,Bike,Available,20,15,3402,Inactive
P0886,OMR,2026-02-11,11:48,295,175,120,Truck,Full,41,32,3120,Active
P0887,Velachery,2026-01-29,10:09,190,94,96,Car,Full,118,106,7008,Active
P0888,OMR,2026-03-10,14:54,224,91,133,EV,Available,75,73,6650,Inactive
P0889,Velachery,2026-02-17,21:11,91,35,56,EV,Full,38,13,3192,Active
P0890,T Nagar,2026-05-24,07:35,276,13,263,Car,Full,71,64,9994,Active
P0891,Porur,2026-05-22,22:30,120,3,117,Bike,Full,145,106,8073,Active
P0892,Velachery,2026-02-12,11:53,231,82,149,EV,Available,84,23,8195,Active
P0893,Tambaram,2026-01-12,02:09,186,67,119,Bike,Available,40,24,8568,Active
P0894,Anna Nagar,2026-03-17,03:07,259,201,58,Car,Full,133,18,1334,Inactive
P0895,Tambaram,2026-02-23,23:03,213,106,107,Car,Full,97,67,5671,Inactive
P0896,Anna Nagar,2026-05-07,11:46,197,167,30,Truck,Full,138,129,1440,Inactive
P0897,Porur,2026-01-03,06:58,81,12,69,Truck,Available,39,11,2415,Active
P0898,Adyar,2026-04-06,20:29,81,29,52,EV,Full,128,64,1924,Inactive
P0899,Adyar,2026-02-01,10:51,242,30,212,EV,Available,44,16,12296,Inactive
P0900,Porur,2026-04-07,13:59,234,199,35,Bike,Full,69,22,2135,Active
P0901,Porur,2026-01-09,06:47,76,50,26,Car,Full,60,47,1014,Inactive
P0902,Guindy,2026-03-21,05:02,142,116,26,Bike,Available,88,16,1092,Active
P0903,Guindy,2026-03-22,09:31,165,90,75,Bike,Full,71,48,5850,Active
P0904,Porur,2026-05-25,15:05,224,63,161,Truck,Full,33,21,12397,Inactive
P0905,Adyar,2026-03-21,18:36,226,162,64,EV,Full,121,38,3136,Active
P0906,Porur,2026-01-17,20:45,185,66,119,Bike,Available,52,22,3570,Inactive
P0907,Guindy,2026-05-24,17:13,102,54,48,Bike,Full,72,20,2976,Active
P0908,Porur,2026-01-16,11:11,175,59,116,Bike,Full,66,52,7540,Active
P0909,T Nagar,2026-03-12,08:30,189,144,45,Truck,Full,129,13,2340,Inactive
P0910,Velachery,2026-06-15,08:52,85,2,83,EV,Full,74,22,5976,Inactive
P0911,OMR,2026-03-17,14:40,94,51,43,Car,Available,28,22,3397,Active
P0912,T Nagar,2026-04-02,06:21,50,36,14,Truck,Full,95,26,546,Inactive
P0913,OMR,2026-02-18,08:31,101,80,21,Truck,Full,54,20,756,Inactive
P0914,Velachery,2026-06-18,22:32,159,93,66,Car,Full,88,32,4818,Active
P0915,OMR,2026-04-25,13:51,177,25,152,Car,Available,121,100,10640,Active
P0916,Porur,2026-05-18,23:52,261,13,248,Car,Full,108,19,12896,Active
P0917,Tambaram,2026-04-05,03:12,179,56,123,Bike,Available,132,83,3075,Active
P0918,Adyar,2026-06-29,13:09,77,32,45,Bike,Available,95,84,2520,Active
P0919,Velachery,2026-01-10,10:22,88,4,84,EV,Available,101,83,3360,Active
P0920,Adyar,2026-04-22,09:48,281,92,189,Car,Available,109,64,14364,Active
P0921,OMR,2026-06-29,20:58,52,26,26,Car,Full,32,22,1690,Inactive
P0922,Adyar,2026-03-19,12:37,146,16,130,EV,Available,118,86,2600,Active
P0923,T Nagar,2026-02-11,03:58,156,114,42,Bike,Full,95,66,1764,Active
P0924,Tambaram,2026-02-18,02:56,260,228,32,EV,Full,130,98,1568,Active
P0925,Porur,2026-02-01,10:35,213,192,21,Truck,Available,53,16,1554,Active
P0926,Velachery,2026-04-18,01:50,51,2,49,Car,Full,120,55,1078,Inactive
P0927,Anna Nagar,2026-06-25,02:28,178,128,50,Car,Available,85,19,1150,Inactive
P0928,Velachery,2026-03-22,16:20,178,163,15,Car,Available,87,58,360,Inactive
P0929,Porur,2026-01-29,10:20,88,70,18,Truck,Available,96,13,486,Inactive
P0930,Anna Nagar,2026-01-27,12:46,222,36,186,Bike,Available,36,24,10416,Active
P0931,Adyar,2026-04-03,07:18,136,116,20,Truck,Full,108,100,440,Inactive
P0932,T Nagar,2026-06-21,14:00,192,179,13,Bike,Full,130,71,858,Active
P0933,Porur,2026-01-08,14:42,51,34,17,Car,Available,71,45,1088,Active
P0934,Anna Nagar,2026-05-12,13:22,106,44,62,Bike,Full,129,59,4216,Inactive
P0935,Guindy,2026-01-09,00:21,158,22,136,Car,Available,145,21,7480,Active
P0936,Velachery,2026-05-02,18:57,115,54,61,EV,Full,116,81,4270,Inactive
P0937,Anna Nagar,2026-02-01,13:05,62,23,39,Truck,Full,104,85,1560,Inactive
P0938,T Nagar,2026-05-03,07:50,199,147,52,Car,Full,123,58,2912,Active
P0939,Velachery,2026-01-14,11:48,61,36,25,Truck,Available,141,123,1550,Inactive
P0940,Adyar,2026-02-19,04:33,117,56,61,Truck,Full,133,45,4392,Inactive
P0941,Guindy,2026-01-24,01:35,117,82,35,Truck,Full,99,46,2170,Inactive
P0942,Anna Nagar,2026-03-05,08:19,128,86,42,Truck,Available,55,15,3192,Active
P0943,Anna Nagar,2026-06-28,07:54,70,51,19,Bike,Available,112,89,912,Active
P0944,T Nagar,2026-02-23,13:48,193,79,114,Bike,Available,29,23,3306,Active
P0945,Anna Nagar,2026-01-11,18:45,278,130,148,Car,Available,150,17,5328,Inactive
P0946,Tambaram,2026-03-24,05:49,233,11,222,Car,Available,63,48,15096,Active
P0947,Anna Nagar,2026-01-02,02:43,155,67,88,Car,Full,144,100,2728,Active
P0948,Tambaram,2026-05-26,19:17,219,2,217,Bike,Full,116,25,12369,Active
P0949,Velachery,2026-06-17,14:05,162,139,23,Bike,Full,95,19,1518,Active
P0950,Tambaram,2026-05-02,00:17,240,64,176,Truck,Available,28,19,8976,Inactive
P0951,Guindy,2026-04-06,07:56,195,66,129,EV,Available,26,13,4902,Active
P0952,Guindy,2026-04-04,17:41,74,18,56,Truck,Full,62,55,1232,Inactive
P0953,Guindy,2026-04-02,08:27,100,51,49,Truck,Full,100,31,3675,Inactive
P0954,Tambaram,2026-02-23,01:30,83,15,68,Car,Full,47,18,2856,Active
P0955,T Nagar,2026-04-09,20:10,63,10,53,EV,Full,47,29,2703,Inactive
P0956,Velachery,2026-01-25,14:53,241,16,225,Car,Full,50,27,16875,Inactive
P0957,Porur,2026-02-02,08:09,165,7,158,Truck,Available,64,15,3950,Inactive
P0958,Anna Nagar,2026-02-19,16:36,66,51,15,Car,Full,147,28,855,Inactive
P0959,T Nagar,2026-06-12,12:07,108,97,11,EV,Available,116,24,363,Inactive
P0960,Velachery,2026-05-04,15:13,188,28,160,EV,Full,27,23,12480,Active
P0961,Adyar,2026-04-06,14:48,192,21,171,Car,Available,32,30,3762,Active
P0962,Anna Nagar,2026-03-08,02:31,266,36,230,EV,Available,79,47,13800,Inactive
P0963,Adyar,2026-06-18,06:26,267,77,190,Truck,Full,120,117,14250,Active
P0964,T Nagar,2026-01-31,03:20,210,52,158,Car,Available,131,85,7742,Inactive
P0965,Anna Nagar,2026-03-09,08:15,83,50,33,EV,Full,118,87,1782,Active
P0966,Porur,2026-02-06,13:25,85,70,15,EV,Full,27,24,1125,Active
P0967,Guindy,2026-06-07,01:42,190,65,125,Truck,Full,37,15,3250,Inactive
P0968,Velachery,2026-06-01,03:35,168,35,133,EV,Full,126,91,9310,Inactive
P0969,Anna Nagar,2026-04-17,16:26,93,75,18,Truck,Full,119,45,1008,Active
P0970,Guindy,2026-01-26,23:06,133,42,91,Truck,Full,96,59,3458,Active
P0971,Porur,2026-04-07,11:47,118,83,35,EV,Full,59,16,2625,Active
P0972,Adyar,2026-04-12,19:43,52,18,34,Car,Full,136,89,714,Inactive
P0973,Guindy,2026-05-09,10:18,299,205,94,Car,Available,137,17,3948,Active
P0974,Velachery,2026-03-17,02:42,241,4,237,Truck,Available,131,41,5688,Active
P0975,Tambaram,2026-01-03,03:57,59,38,21,EV,Available,34,27,1323,Inactive
P0976,OMR,2026-03-15,05:55,229,209,20,Car,Full,129,111,540,Active
P0977,OMR,2026-02-05,23:20,240,181,59,EV,Available,51,24,1888,Inactive
P0978,Tambaram,2026-03-15,13:12,276,186,90,Bike,Available,57,54,4230,Inactive
P0979,T Nagar,2026-05-01,15:41,196,118,78,Car,Available,65,57,4446,Inactive
P0980,T Nagar,2026-03-06,09:24,217,81,136,Car,Available,128,52,9384,Inactive
P0981,OMR,2026-03-27,05:38,81,15,66,Bike,Available,29,24,4488,Inactive
P0982,Adyar,2026-05-21,22:38,167,118,49,Truck,Available,112,34,3185,Inactive
P0983,OMR,2026-04-10,15:25,114,45,69,Bike,Full,20,20,2691,Active
P0984,Adyar,2026-01-30,16:39,257,210,47,Bike,Full,29,22,2397,Active
P0985,Tambaram,2026-06-27,20:16,89,24,65,Car,Full,56,46,3900,Active
P0986,T Nagar,2026-05-28,20:59,144,116,28,Car,Available,83,75,1484,Active
P0987,T Nagar,2026-06-21,06:50,141,114,27,Bike,Available,85,79,1161,Inactive
P0988,Guindy,2026-04-30,03:56,118,46,72,Car,Available,145,46,2520,Active
P0989,Tambaram,2026-01-06,15:16,72,32,40,Car,Full,96,27,2400,Active
P0990,Adyar,2026-01-23,10:27,267,115,152,Car,Available,134,114,10488,Active
P0991,Guindy,2026-05-05,08:33,55,32,23,Bike,Available,35,27,667,Active
P0992,T Nagar,2026-03-18,18:32,152,131,21,Car,Full,138,52,924,Inactive
P0993,OMR,2026-03-16,03:49,149,129,20,Car,Full,23,11,1480,Inactive
P0994,Guindy,2026-06-20,22:29,199,108,91,Bike,Available,125,58,4004,Active
P0995,OMR,2026-02-27,13:28,290,181,109,Truck,Available,126,79,2507,Active
P0996,Tambaram,2026-05-29,05:09,198,6,192,EV,Available,43,21,5952,Active
P0997,Adyar,2026-03-26,13:57,114,35,79,EV,Full,135,104,2765,Active
P0998,Tambaram,2026-03-20,14:33,104,87,17,Car,Available,59,18,646,Inactive
P0999,Tambaram,2026-04-27,10:19,294,252,42,Truck,Full,104,18,1260,Active
P1000,Velachery,2026-05-26,01:09,122,5,117,Truck,Available,87,16,6435,Inactive
P1001,OMR,2026-04-09,05:59,63,51,12,Car,Available,145,121,288,Inactive
P1002,OMR,2026-04-13,15:18,95,13,82,Car,Full,20,20,4182,Active
P1003,Velachery,2026-04-16,02:32,298,53,245,Car,Full,59,54,18620,Inactive
P1004,T Nagar,2026-03-15,12:49,251,148,103,EV,Full,44,29,6180,Inactive
P1005,Porur,2026-03-05,09:53,191,97,94,Car,Full,102,20,2632,Inactive
P1006,Guindy,2026-04-15,21:59,166,146,20,Bike,Full,111,82,500,Inactive
P1007,Velachery,2026-04-11,20:37,267,41,226,Bike,Available,87,79,12204,Active
P1008,Guindy,2026-02-05,00:30,145,21,124,Car,Available,58,18,7936,Inactive
P1009,OMR,2026-04-03,18:54,263,89,174,Truck,Full,74,15,8352,Inactive
P1010,Adyar,2026-01-09,21:29,210,24,186,Bike,Full,71,40,14880,Active
P1011,Tambaram,2026-01-04,13:23,210,70,140,Car,Full,24,20,3080,Inactive
P1012,Adyar,2026-01-24,19:25,239,138,101,EV,Full,149,82,2828,Active
P1013,Guindy,2026-04-10,14:36,51,17,34,EV,Available,52,51,1938,Inactive
P1014,Velachery,2026-05-03,15:15,156,129,27,Bike,Available,79,40,1296,Inactive
P1015,Adyar,2026-02-02,11:04,132,55,77,EV,Available,92,52,3850,Inactive
P1016,T Nagar,2026-03-12,21:48,179,76,103,Bike,Full,30,13,2369,Inactive
P1017,Velachery,2026-02-04,02:33,281,184,97,EV,Available,144,108,6111,Active
P1018,Anna Nagar,2026-06-14,18:07,185,98,87,Car,Available,42,32,3567,Active
P1019,Porur,2026-01-31,10:54,83,61,22,Bike,Full,56,54,902,Inactive
P1020,OMR,2026-02-04,09:02,247,115,132,Truck,Available,93,79,6468,Inactive
P1021,Adyar,2026-06-26,10:07,289,185,104,Truck,Available,71,68,7696,Inactive
P1022,Guindy,2026-03-20,13:54,202,57,145,Truck,Available,139,15,4930,Inactive
P1023,Guindy,2026-06-09,10:22,53,17,36,Bike,Available,139,55,2160,Active
P1024,Porur,2026-06-06,18:37,265,224,41,Truck,Full,33,17,2255,Active
P1025,Guindy,2026-05-25,15:55,190,13,177,Bike,Full,132,82,11151,Active
P1026,Velachery,2026-03-27,07:00,116,0,116,EV,Available,109,55,3596,Active
P1027,T Nagar,2026-03-25,02:49,104,86,18,Car,Full,31,27,666,Active
P1028,Tambaram,2026-01-11,09:56,218,55,163,Truck,Available,79,74,4890,Active
P1029,Velachery,2026-02-23,13:52,71,52,19,Bike,Available,87,66,608,Inactive
P1030,T Nagar,2026-05-07,15:18,111,58,53,Car,Full,91,34,1537,Active
P1031,Guindy,2026-04-22,01:55,144,4,140,EV,Available,52,34,4760,Inactive
P1032,Guindy,2026-06-09,03:03,144,31,113,Car,Available,62,22,2825,Inactive
P1033,Tambaram,2026-05-10,05:56,176,53,123,Bike,Full,103,100,3690,Inactive
P1034,Velachery,2026-01-01,02:46,238,190,48,Truck,Available,35,10,2304,Active
P1035,T Nagar,2026-02-05,03:09,218,60,158,Car,Full,130,12,10112,Active
P1036,Anna Nagar,2026-01-29,14:48,95,77,18,Car,Full,27,13,1332,Inactive
P1037,Adyar,2026-04-16,06:20,76,9,67,Bike,Available,21,17,4824,Inactive
P1038,Adyar,2026-06-25,15:32,236,166,70,EV,Full,91,10,4620,Inactive
P1039,T Nagar,2026-05-13,12:07,116,76,40,Car,Full,117,49,1840,Inactive
P1040,Adyar,2026-04-23,08:35,106,35,71,Truck,Full,32,26,2343,Inactive
P1041,Tambaram,2026-05-18,17:48,111,50,61,Car,Full,84,16,3050,Active
P1042,Anna Nagar,2026-05-13,06:53,173,56,117,EV,Available,149,103,3978,Inactive
P1043,Guindy,2026-05-15,01:27,152,10,142,Truck,Full,58,29,10082,Active
P1044,Adyar,2026-04-29,14:09,100,28,72,Truck,Available,108,85,3168,Active
P1045,Guindy,2026-05-08,23:52,283,192,91,Truck,Full,60,17,3640,Active
P1046,OMR,2026-06-03,07:02,90,52,38,Bike,Available,143,32,836,Active
P1047,Guindy,2026-06-29,13:31,208,23,185,Truck,Full,97,89,6475,Inactive
P1048,Guindy,2026-03-17,18:37,93,24,69,EV,Full,26,19,1725,Inactive
P1049,Adyar,2026-06-13,07:03,183,103,80,Truck,Full,33,18,6400,Inactive
P1050,Adyar,2026-02-04,23:34,241,32,209,EV,Full,69,41,8569,Active
P1051,T Nagar,2026-06-25,14:51,244,45,199,Bike,Available,110,59,14726,Inactive
P1052,Tambaram,2026-02-25,01:29,90,21,69,Truck,Full,116,61,1518,Inactive
P1053,Anna Nagar,2026-02-14,02:00,213,77,136,EV,Available,79,32,2992,Active
P1054,Porur,2026-06-07,22:15,77,63,14,EV,Available,107,89,938,Inactive
P1055,Anna Nagar,2026-01-05,05:47,297,256,41,Car,Available,143,96,2255,Active
P1056,Velachery,2026-02-16,15:49,141,15,126,EV,Available,131,98,9324,Active
P1057,Anna Nagar,2026-01-01,11:28,116,89,27,Car,Full,72,21,1134,Inactive
P1058,Tambaram,2026-03-10,23:21,206,119,87,EV,Full,20,19,4176,Active
P1059,OMR,2026-02-09,22:27,107,33,74,Bike,Available,53,34,1850,Active
P1060,T Nagar,2026-05-16,16:46,222,206,16,Car,Available,136,123,640,Inactive
P1061,Porur,2026-02-14,05:46,83,31,52,EV,Full,90,46,2860,Active
P1062,Velachery,2026-02-06,03:06,283,32,251,Truck,Full,55,24,14558,Active
P1063,OMR,2026-05-28,06:46,258,24,234,Bike,Available,144,78,11232,Active
P1064,OMR,2026-01-05,18:50,163,139,24,Car,Full,109,79,1128,Inactive
P1065,Velachery,2026-03-10,09:37,174,127,47,Truck,Available,51,42,2632,Active
P1066,Porur,2026-04-08,18:38,233,88,145,Bike,Available,62,50,7830,Inactive
P1067,Velachery,2026-06-11,18:58,244,116,128,Car,Available,73,43,4480,Active
P1068,OMR,2026-05-31,04:45,153,121,32,EV,Full,45,25,2496,Active
P1069,Tambaram,2026-01-05,17:19,214,30,184,Bike,Available,47,36,14536,Active
P1070,Porur,2026-05-01,09:15,128,57,71,Car,Available,34,23,4970,Active
P1071,Adyar,2026-01-06,02:51,292,69,223,Bike,Full,111,104,17840,Active
P1072,Anna Nagar,2026-06-27,18:41,294,203,91,EV,Available,108,10,4914,Active
P1073,OMR,2026-05-19,15:06,248,208,40,EV,Available,120,90,1280,Active
P1074,Velachery,2026-06-14,04:55,148,37,111,Truck,Full,110,13,5217,Inactive
P1075,Porur,2026-05-27,18:08,94,23,71,Bike,Available,53,29,4828,Active
P1076,T Nagar,2026-06-29,02:11,205,183,22,EV,Available,40,33,946,Inactive
P1077,Porur,2026-06-16,18:38,206,88,118,Car,Full,61,41,9204,Active
P1078,Tambaram,2026-06-18,18:17,136,35,101,Car,Available,61,24,7373,Active
P1079,Tambaram,2026-05-26,05:17,62,25,37,Truck,Available,110,88,1813,Active
P1080,Anna Nagar,2026-03-08,08:51,167,66,101,Truck,Available,52,51,4545,Active
P1081,T Nagar,2026-05-13,06:41,57,22,35,EV,Full,115,106,735,Active
P1082,Anna Nagar,2026-01-03,17:16,199,108,91,Truck,Full,122,18,3367,Active
P1083,Tambaram,2026-02-24,00:07,97,17,80,EV,Available,85,37,1680,Inactive
P1084,Adyar,2026-03-12,01:14,284,151,133,Truck,Available,118,28,3192,Active
P1085,T Nagar,2026-02-25,06:13,257,81,176,Truck,Full,96,90,12848,Active
P1086,Adyar,2026-05-13,00:15,82,58,24,Truck,Full,131,58,1656,Active
P1087,Porur,2026-04-19,18:56,244,86,158,Car,Available,144,49,6478,Active
P1088,Porur,2026-05-19,19:12,246,18,228,Truck,Full,63,42,13680,Active
P1089,T Nagar,2026-04-24,06:43,299,172,127,Car,Full,48,24,7366,Inactive
P1090,Adyar,2026-03-11,09:24,285,14,271,Car,Available,88,56,8672,Inactive
P1091,OMR,2026-04-26,11:09,154,129,25,Truck,Available,47,28,1450,Inactive
P1092,Guindy,2026-04-11,05:43,206,133,73,EV,Full,106,67,4526,Inactive
P1093,Velachery,2026-01-13,01:18,77,57,20,Car,Full,82,73,520,Active
P1094,Tambaram,2026-03-28,08:38,211,172,39,Truck,Full,42,37,1014,Inactive
P1095,Guindy,2026-01-01,13:00,177,0,177,Bike,Full,81,35,10443,Inactive
P1096,T Nagar,2026-05-13,08:42,178,153,25,Truck,Available,65,16,1850,Active
P1097,Guindy,2026-02-08,08:42,66,35,31,Bike,Full,43,31,992,Inactive
P1098,Tambaram,2026-03-21,13:54,174,67,107,Car,Full,127,36,3852,Inactive
P1099,Adyar,2026-04-11,10:47,76,41,35,EV,Full,103,15,1015,Active
P1100,Guindy,2026-01-04,03:18,267,222,45,EV,Available,114,93,2610,Active
P1101,Porur,2026-01-26,17:59,190,38,152,Car,Available,142,87,4712,Active
P1102,OMR,2026-03-24,20:18,93,2,91,Car,Full,123,117,6188,Inactive
P1103,Adyar,2026-05-24,05:49,209,15,194,Bike,Available,65,11,12610,Active
P1104,T Nagar,2026-03-06,09:30,187,165,22,EV,Full,129,65,1100,Inactive
P1105,OMR,2026-01-16,04:42,279,80,199,Truck,Full,72,16,15721,Inactive
P1106,Velachery,2026-05-26,17:50,97,6,91,Bike,Available,140,57,3640,Active
P1107,Adyar,2026-01-30,16:24,205,49,156,Car,Available,92,46,10764,Active
P1108,Adyar,2026-05-15,18:16,272,121,151,Car,Available,128,48,3473,Active
P1109,OMR,2026-06-03,16:56,157,19,138,EV,Available,102,21,6072,Inactive
P1110,Adyar,2026-01-10,02:11,116,38,78,EV,Available,101,69,4446,Inactive
P1111,Guindy,2026-02-07,07:36,181,70,111,Bike,Full,76,73,3441,Active
P1112,Anna Nagar,2026-06-17,23:27,250,76,174,Bike,Full,128,44,11658,Inactive
P1113,T Nagar,2026-01-27,04:34,168,8,160,Truck,Full,124,44,4960,Inactive
P1114,Velachery,2026-06-25,01:45,98,81,17,Bike,Available,52,38,1275,Active
P1115,Adyar,2026-03-02,11:33,143,63,80,Bike,Available,79,68,2640,Inactive
P1116,Porur,2026-04-17,16:16,119,68,51,Bike,Available,147,53,1275,Inactive
P1117,Porur,2026-03-20,15:01,273,62,211,Truck,Available,52,39,4853,Active
P1118,OMR,2026-05-26,13:00,118,60,58,Truck,Full,125,29,4582,Inactive
P1119,Porur,2026-04-12,13:10,115,26,89,EV,Full,123,55,3382,Inactive
P1120,Guindy,2026-01-06,04:39,94,55,39,Bike,Available,62,14,2301,Active
P1121,Anna Nagar,2026-04-15,14:53,198,80,118,Car,Full,49,29,2950,Inactive
P1122,T Nagar,2026-05-05,00:54,135,106,29,Truck,Available,56,45,2291,Inactive
P1123,Velachery,2026-02-06,18:50,138,66,72,Car,Available,55,40,3816,Active
P1124,Velachery,2026-03-09,10:02,93,49,44,Bike,Available,72,47,3300,Active
P1125,Porur,2026-05-14,12:35,75,20,55,Bike,Available,112,28,4015,Active
P1126,Adyar,2026-03-08,01:08,206,76,130,Car,Available,60,14,3510,Inactive
P1127,Tambaram,2026-03-30,08:50,150,136,14,Car,Available,24,19,602,Inactive
P1128,T Nagar,2026-04-05,18:48,120,82,38,EV,Available,88,39,2280,Inactive
P1129,Anna Nagar,2026-02-19,22:29,116,5,111,EV,Available,80,15,5439,Active
P1130,OMR,2026-02-28,10:25,191,147,44,Car,Available,99,22,1408,Active
P1131,Velachery,2026-05-29,02:45,300,222,78,EV,Full,106,36,6006,Inactive
P1132,Velachery,2026-01-18,16:41,179,55,124,Car,Full,79,54,7068,Active
P1133,T Nagar,2026-01-01,13:20,236,79,157,Bike,Full,96,50,10519,Inactive
P1134,T Nagar,2026-03-13,06:06,244,142,102,Car,Available,76,21,3570,Active
P1135,Porur,2026-03-02,13:30,148,6,142,Truck,Full,65,28,10366,Active
P1136,Guindy,2026-04-01,17:28,226,134,92,Car,Full,87,70,6440,Inactive
P1137,Porur,2026-03-22,09:15,162,130,32,EV,Available,77,69,1856,Active
P1138,Adyar,2026-01-08,19:41,92,81,11,EV,Full,143,118,407,Inactive
P1139,Tambaram,2026-03-09,06:40,201,87,114,Truck,Full,64,36,6156,Inactive
P1140,T Nagar,2026-03-20,23:33,223,0,223,EV,Full,119,111,17617,Inactive
P1141,Velachery,2026-01-09,21:39,159,87,72,Bike,Full,70,70,4680,Active
P1142,Tambaram,2026-02-27,05:22,243,175,68,Bike,Available,66,62,1632,Active
P1143,Velachery,2026-01-08,23:49,113,56,57,Car,Available,82,31,4503,Active
P1144,Guindy,2026-03-24,08:54,229,123,106,Bike,Available,98,16,5830,Active
P1145,Tambaram,2026-06-27,18:01,80,53,27,Bike,Available,69,49,2079,Active
P1146,OMR,2026-01-27,10:21,177,167,10,Car,Full,100,83,640,Inactive
P1147,OMR,2026-05-19,12:12,263,194,69,EV,Full,20,12,1518,Inactive
P1148,Anna Nagar,2026-01-16,04:27,200,21,179,Car,Full,94,68,10203,Inactive
P1149,OMR,2026-05-25,05:43,73,48,25,Bike,Full,33,26,1250,Inactive
P1150,Guindy,2026-06-07,23:00,295,173,122,EV,Available,54,20,4392,Inactive
P1151,OMR,2026-06-01,00:36,127,42,85,Car,Available,121,84,5865,Inactive
P1152,T Nagar,2026-03-09,05:17,185,45,140,Bike,Full,112,52,6580,Inactive
P1153,Velachery,2026-06-10,18:14,76,5,71,Truck,Full,37,17,3976,Inactive
P1154,Porur,2026-01-25,04:53,83,30,53,Bike,Available,36,30,2173,Inactive
P1155,Tambaram,2026-06-23,08:42,237,121,116,Bike,Available,131,27,3364,Active
P1156,OMR,2026-03-06,21:52,195,173,22,Truck,Available,95,37,1738,Active
P1157,Adyar,2026-02-16,02:10,196,25,171,EV,Available,83,59,11286,Active
P1158,Guindy,2026-04-20,01:03,196,147,49,Truck,Available,131,46,1029,Active
P1159,Velachery,2026-06-16,06:08,77,7,70,Car,Full,134,84,5110,Active
P1160,OMR,2026-02-23,04:46,163,94,69,Car,Available,91,80,1518,Active
P1161,OMR,2026-02-09,09:28,206,175,31,EV,Available,122,51,1147,Active
P1162,Adyar,2026-05-14,01:28,251,9,242,EV,Available,86,51,11374,Inactive
P1163,Tambaram,2026-03-02,03:03,64,9,55,Car,Full,82,20,3520,Active
P1164,OMR,2026-02-24,16:09,154,80,74,Truck,Full,88,36,5476,Inactive
P1165,Porur,2026-02-22,07:53,80,20,60,Car,Available,30,23,4680,Inactive
P1166,OMR,2026-04-25,17:47,300,274,26,EV,Full,108,92,832,Active
P1167,Adyar,2026-05-08,23:13,107,63,44,EV,Full,100,39,1496,Active
P1168,Anna Nagar,2026-06-21,13:43,299,220,79,EV,Available,119,50,4266,Inactive
P1169,Tambaram,2026-05-21,04:53,290,167,123,Car,Full,44,14,3444,Active
P1170,Porur,2026-03-31,09:39,162,20,142,EV,Full,20,10,7810,Active
P1171,Velachery,2026-03-11,13:52,177,118,59,Car,Available,145,116,2478,Inactive
P1172,Anna Nagar,2026-04-17,07:53,102,49,53,Bike,Available,77,21,3021,Inactive
P1173,OMR,2026-05-27,08:40,139,17,122,EV,Full,58,47,4880,Active
P1174,Anna Nagar,2026-02-27,08:35,173,53,120,Car,Full,59,27,7080,Inactive
P1175,T Nagar,2026-03-21,08:57,287,232,55,Truck,Available,23,23,2035,Active
P1176,Porur,2026-01-05,19:50,54,26,28,Car,Available,143,94,560,Inactive
P1177,Velachery,2026-06-20,09:10,199,91,108,Bike,Full,24,19,3888,Inactive
P1178,Tambaram,2026-06-27,14:10,205,115,90,EV,Full,141,135,6480,Inactive
P1179,Velachery,2026-02-07,04:31,222,49,173,Car,Available,34,14,4498,Inactive
P1180,Adyar,2026-03-22,19:10,242,215,27,Bike,Available,74,60,2025,Inactive
P1181,Tambaram,2026-04-14,00:34,210,191,19,Car,Full,120,95,380,Inactive
P1182,OMR,2026-02-10,16:03,205,194,11,EV,Full,31,18,583,Inactive
P1183,OMR,2026-01-13,14:07,142,62,80,Truck,Full,113,99,4400,Active
P1184,Guindy,2026-01-06,02:32,253,55,198,Bike,Available,118,103,14652,Inactive
P1185,Velachery,2026-03-24,11:54,200,11,189,Truck,Full,67,43,14931,Active
P1186,Tambaram,2026-01-13,01:34,93,71,22,Car,Available,54,25,1298,Inactive
P1187,Tambaram,2026-01-02,23:57,298,264,34,Truck,Full,101,94,2686,Active
P1188,Velachery,2026-04-12,11:46,151,33,118,Bike,Full,128,11,3540,Active
P1189,Porur,2026-05-28,14:27,62,28,34,Truck,Full,31,28,1972,Inactive
P1190,OMR,2026-06-16,18:13,256,127,129,Truck,Available,81,57,2838,Active
P1191,Anna Nagar,2026-01-31,04:03,279,61,218,Car,Full,67,63,7848,Inactive
P1192,Velachery,2026-06-22,17:36,80,4,76,Car,Available,54,30,4332,Active
P1193,Anna Nagar,2026-03-25,16:42,262,241,21,Truck,Available,59,48,1365,Active
P1194,Tambaram,2026-04-02,10:29,61,1,60,EV,Full,141,131,3900,Active
P1195,Adyar,2026-05-09,01:31,163,81,82,Truck,Full,75,57,2296,Inactive
P1196,Porur,2026-01-11,12:57,205,23,182,Truck,Full,45,15,3822,Active
P1197,Anna Nagar,2026-01-14,01:30,134,8,126,Truck,Available,150,140,8442,Inactive
P1198,Anna Nagar,2026-04-08,01:33,157,97,60,Bike,Full,70,11,1860,Inactive
P1199,T Nagar,2026-06-01,09:25,104,65,39,Truck,Full,64,44,1287,Active
P1200,Guindy,2026-06-05,02:44,292,157,135,Car,Full,38,17,9450,Active
P1201,T Nagar,2026-05-23,22:13,196,165,31,EV,Available,52,47,1085,Active
P1202,OMR,2026-05-07,05:03,290,39,251,Bike,Available,137,130,8283,Inactive
P1203,Tambaram,2026-03-01,13:05,53,2,51,Bike,Available,57,56,3468,Inactive
P1204,Anna Nagar,2026-04-14,16:17,294,22,272,EV,Available,36,27,18496,Active
P1205,Tambaram,2026-01-18,12:32,263,240,23,Truck,Full,21,10,1679,Inactive
P1206,Porur,2026-04-16,00:38,83,64,19,EV,Available,27,26,570,Inactive
P1207,Tambaram,2026-03-16,23:41,243,115,128,EV,Available,141,79,8832,Inactive
P1208,Velachery,2026-05-24,23:09,78,27,51,Truck,Available,84,70,3621,Active
P1209,T Nagar,2026-04-13,12:09,117,31,86,Truck,Available,116,73,3526,Inactive
P1210,Anna Nagar,2026-06-17,03:41,78,22,56,Truck,Full,56,45,4480,Inactive
P1211,Anna Nagar,2026-05-01,16:32,182,45,137,Car,Full,62,35,9727,Inactive
P1212,Porur,2026-02-20,14:05,211,188,23,EV,Full,22,22,667,Active
P1213,T Nagar,2026-06-10,04:59,288,31,257,Car,Available,148,133,11308,Inactive
P1214,Velachery,2026-04-05,05:59,101,38,63,Bike,Full,128,36,3780,Inactive
P1215,Tambaram,2026-03-20,05:28,194,93,101,EV,Full,127,77,3232,Inactive
P1216,T Nagar,2026-03-06,19:07,145,30,115,Bike,Full,38,32,2300,Active
P1217,Anna Nagar,2026-01-06,22:52,72,4,68,Car,Full,80,66,5236,Active
P1218,Velachery,2026-01-19,20:01,141,26,115,Bike,Available,128,124,6900,Active
P1219,Porur,2026-01-08,21:06,294,145,149,EV,Full,62,45,11324,Inactive
P1220,Anna Nagar,2026-05-18,01:00,153,119,34,EV,Full,43,24,986,Active
P1221,Anna Nagar,2026-05-26,22:40,265,83,182,Bike,Available,132,130,10192,Active
P1222,Tambaram,2026-05-04,21:00,90,28,62,Truck,Available,71,66,1240,Active
P1223,Velachery,2026-01-24,06:19,233,181,52,Truck,Full,125,71,1872,Active
P1224,Tambaram,2026-06-01,03:00,280,161,119,Truck,Full,143,21,9282,Inactive
P1225,OMR,2026-03-26,18:36,271,214,57,Bike,Available,100,83,3078,Active
P1226,Adyar,2026-01-09,00:42,167,59,108,Bike,Available,77,72,2376,Active
P1227,T Nagar,2026-03-01,19:32,290,205,85,Bike,Available,26,12,6545,Inactive
P1228,OMR,2026-06-04,04:43,76,56,20,Bike,Available,62,44,1100,Inactive
P1229,T Nagar,2026-03-22,08:32,192,109,83,Bike,Available,98,85,3486,Inactive
P1230,Tambaram,2026-03-11,00:21,123,83,40,Car,Full,41,31,880,Inactive
P1231,Porur,2026-02-22,15:33,51,11,40,Bike,Full,95,67,2520,Active
P1232,Adyar,2026-05-03,12:04,300,109,191,Truck,Full,102,36,13370,Active
P1233,OMR,2026-03-10,14:58,142,86,56,EV,Full,112,71,1568,Inactive
P1234,Porur,2026-05-21,00:48,87,21,66,EV,Available,62,12,3762,Inactive
P1235,Guindy,2026-04-13,02:04,64,23,41,Truck,Available,91,70,2296,Active
P1236,OMR,2026-03-12,20:24,197,70,127,EV,Full,123,37,8001,Inactive
P1237,Tambaram,2026-01-28,16:22,176,145,31,Car,Available,73,30,1581,Active
P1238,Anna Nagar,2026-03-11,22:39,132,9,123,Bike,Available,106,34,6150,Inactive
P1239,Velachery,2026-06-05,00:16,281,257,24,Bike,Full,101,87,1632,Active
P1240,Anna Nagar,2026-05-04,19:36,85,24,61,EV,Available,123,117,1281,Inactive
P1241,T Nagar,2026-04-02,07:14,75,2,73,EV,Available,148,139,3358,Inactive
P1242,Guindy,2026-05-06,00:00,193,31,162,Truck,Available,49,18,7290,Inactive
P1243,Adyar,2026-04-24,10:48,181,25,156,Truck,Available,117,83,5928,Inactive
P1244,Adyar,2026-03-03,11:00,175,138,37,Bike,Available,147,108,1924,Active
P1245,Tambaram,2026-06-19,17:46,234,73,161,Car,Full,112,109,10948,Active
P1246,Adyar,2026-01-01,18:47,228,22,206,Car,Full,57,23,6386,Active
P1247,T Nagar,2026-02-03,07:04,167,33,134,Car,Full,126,73,8040,Inactive
P1248,T Nagar,2026-01-14,16:04,106,26,80,Bike,Full,120,30,3440,Inactive
P1249,T Nagar,2026-05-26,10:31,182,106,76,Truck,Available,47,38,5244,Active
P1250,Tambaram,2026-06-06,00:02,193,60,133,Truck,Available,120,23,7448,Inactive
P1251,T Nagar,2026-01-16,03:29,75,46,29,EV,Available,125,69,2204,Active
P1252,Tambaram,2026-02-26,09:18,250,237,13,Truck,Full,72,68,377,Active
P1253,T Nagar,2026-02-03,18:19,297,254,43,Car,Full,89,80,2193,Inactive
P1254,Tambaram,2026-04-23,13:12,220,186,34,Car,Full,64,17,2652,Inactive
P1255,Adyar,2026-03-13,17:06,243,215,28,Bike,Available,71,62,1736,Inactive
P1256,OMR,2026-05-05,12:03,211,45,166,Truck,Available,28,20,8632,Inactive
P1257,Anna Nagar,2026-01-13,09:43,288,104,184,Bike,Available,88,24,8832,Inactive
P1258,Anna Nagar,2026-04-23,22:16,163,151,12,Bike,Full,143,45,468,Active
P1259,Tambaram,2026-04-25,19:07,50,34,16,Truck,Available,134,47,1008,Active
P1260,Tambaram,2026-03-18,22:47,274,14,260,Car,Available,92,89,7540,Active
P1261,OMR,2026-04-26,07:44,110,15,95,Bike,Available,73,26,7125,Inactive
P1262,Porur,2026-04-09,22:59,250,76,174,Bike,Full,77,23,10614,Inactive
P1263,Porur,2026-03-14,21:52,126,9,117,Car,Available,49,17,6201,Inactive
P1264,Velachery,2026-06-12,01:53,209,173,36,Bike,Full,63,54,2700,Active
P1265,OMR,2026-05-06,15:47,74,42,32,Bike,Available,70,50,2112,Inactive
P1266,Adyar,2026-05-23,02:28,299,181,118,Bike,Available,30,10,8024,Active
P1267,Anna Nagar,2026-04-13,09:25,261,231,30,Car,Full,29,26,1770,Inactive
P1268,Porur,2026-05-06,14:04,235,97,138,Truck,Full,57,57,10902,Inactive
P1269,Tambaram,2026-01-26,12:16,167,63,104,Bike,Full,116,113,7384,Inactive
P1270,T Nagar,2026-01-17,17:26,198,66,132,Car,Available,31,30,2772,Inactive
P1271,Anna Nagar,2026-05-12,19:59,290,10,280,EV,Full,50,19,15120,Active
P1272,Anna Nagar,2026-06-14,01:35,242,15,227,Car,Available,105,68,7491,Active
P1273,Adyar,2026-02-17,17:43,128,44,84,EV,Full,32,12,5376,Inactive
P1274,Anna Nagar,2026-01-15,03:30,249,41,208,Truck,Full,92,50,15184,Inactive
P1275,OMR,2026-04-14,13:39,256,217,39,Truck,Full,107,54,2223,Active
P1276,OMR,2026-02-16,23:25,52,5,47,Car,Available,109,109,1974,Active
P1277,Guindy,2026-06-30,08:04,119,65,54,Truck,Available,68,10,4158,Inactive
P1278,Tambaram,2026-04-26,00:21,256,173,83,Truck,Available,82,55,3237,Inactive
P1279,Tambaram,2026-01-13,15:33,260,203,57,Bike,Full,49,33,4275,Active
P1280,Porur,2026-01-07,20:23,259,242,17,EV,Available,41,35,1071,Active
P1281,T Nagar,2026-04-08,08:24,142,63,79,EV,Full,44,31,4740,Active
P1282,Guindy,2026-03-21,08:16,144,63,81,Truck,Full,86,58,4536,Active
P1283,Tambaram,2026-01-12,14:14,91,4,87,EV,Available,103,69,3219,Active
P1284,T Nagar,2026-02-08,13:29,237,49,188,Car,Full,54,42,5076,Inactive
P1285,Guindy,2026-03-27,18:50,286,63,223,Bike,Available,32,13,8697,Active
P1286,OMR,2026-05-15,15:15,229,187,42,Truck,Full,31,22,3192,Active
P1287,T Nagar,2026-05-24,00:20,130,56,74,Bike,Full,137,136,1998,Inactive
P1288,Adyar,2026-03-04,04:12,70,52,18,Car,Available,22,20,1332,Active
P1289,T Nagar,2026-01-16,00:36,188,66,122,EV,Full,93,86,5734,Active
P1290,Anna Nagar,2026-05-01,18:18,194,166,28,EV,Available,126,41,672,Active
P1291,Tambaram,2026-04-21,23:59,70,32,38,Car,Available,128,51,2660,Active
P1292,Guindy,2026-04-09,08:41,242,229,13,Truck,Available,148,109,377,Inactive
P1293,Anna Nagar,2026-04-11,21:54,81,27,54,Car,Available,59,47,2538,Inactive
P1294,OMR,2026-03-21,00:41,243,8,235,Truck,Full,126,32,16920,Inactive
P1295,T Nagar,2026-01-30,11:53,235,80,155,EV,Available,123,81,6045,Active
P1296,Porur,2026-02-02,01:46,123,56,67,Car,Available,99,54,4087,Active
P1297,Anna Nagar,2026-04-20,09:11,162,107,55,Truck,Available,80,33,2530,Active
P1298,Velachery,2026-05-25,15:00,276,95,181,EV,Available,58,17,12851,Active
P1299,Tambaram,2026-03-06,04:29,290,141,149,Truck,Full,78,54,3278,Active
P1300,Velachery,2026-04-05,21:06,256,6,250,Truck,Available,91,39,9250,Active
P1301,OMR,2026-01-10,21:20,115,64,51,Truck,Full,105,18,2856,Active
P1302,Velachery,2026-01-09,21:44,268,185,83,EV,Available,91,43,5644,Active
P1303,Velachery,2026-03-31,06:44,210,62,148,Bike,Full,85,66,8880,Active
P1304,OMR,2026-01-24,19:06,132,89,43,Bike,Full,63,27,2193,Active
P1305,Velachery,2026-04-13,10:50,56,24,32,EV,Available,140,89,960,Inactive
P1306,Tambaram,2026-04-24,15:41,73,55,18,EV,Full,92,77,1440,Inactive
P1307,Velachery,2026-05-23,16:11,165,89,76,Truck,Full,63,11,4560,Inactive
P1308,Guindy,2026-03-27,06:02,181,160,21,EV,Full,95,24,1113,Inactive
P1309,Tambaram,2026-06-03,00:24,127,58,69,Truck,Available,91,24,1518,Inactive
P1310,Anna Nagar,2026-05-24,17:22,96,34,62,Car,Full,36,30,1984,Inactive
P1311,Tambaram,2026-04-01,14:38,145,85,60,Bike,Full,147,73,1320,Active
P1312,T Nagar,2026-02-01,21:11,94,50,44,Truck,Full,79,22,2816,Active
P1313,Tambaram,2026-04-28,08:07,145,0,145,EV,Full,71,47,7540,Active
P1314,OMR,2026-06-03,07:35,51,18,33,Truck,Available,31,24,1221,Inactive
P1315,Velachery,2026-02-22,07:02,215,63,152,EV,Available,66,39,6840,Inactive
P1316,Velachery,2026-02-19,14:04,199,112,87,Car,Available,87,60,6699,Inactive
P1317,OMR,2026-01-23,06:06,124,111,13,Car,Available,148,91,689,Active
P1318,Adyar,2026-02-09,20:13,90,5,85,Car,Available,98,32,6545,Inactive
P1319,Tambaram,2026-02-12,11:43,126,25,101,Bike,Available,74,53,4242,Inactive
P1320,Porur,2026-02-16,16:09,193,11,182,Car,Full,94,47,13650,Inactive
P1321,Tambaram,2026-01-24,16:49,89,4,85,Car,Available,92,24,4930,Active
P1322,Porur,2026-04-14,08:18,102,58,44,EV,Available,144,101,2288,Inactive
P1323,Guindy,2026-06-08,10:49,273,131,142,EV,Full,88,68,9088,Inactive
P1324,Tambaram,2026-05-19,15:05,79,44,35,EV,Full,143,31,1400,Inactive
P1325,Adyar,2026-03-05,10:53,56,40,16,EV,Available,131,116,928,Inactive
P1326,Anna Nagar,2026-05-02,17:26,63,53,10,EV,Available,96,54,440,Active
P1327,T Nagar,2026-03-07,04:56,169,76,93,EV,Full,35,17,4743,Active
P1328,Velachery,2026-01-12,11:39,108,94,14,EV,Available,115,13,686,Active
P1329,Anna Nagar,2026-06-27,12:51,249,225,24,Car,Available,56,50,1776,Inactive
P1330,Guindy,2026-04-11,16:35,92,33,59,Car,Available,121,56,3894,Inactive
P1331,Tambaram,2026-02-11,09:16,204,161,43,EV,Full,28,21,1204,Inactive
P1332,T Nagar,2026-04-24,16:05,54,1,53,Truck,Available,63,51,2650,Inactive
P1333,OMR,2026-03-14,15:12,215,139,76,Bike,Available,146,43,3800,Inactive
P1334,OMR,2026-06-26,19:52,108,53,55,EV,Available,61,34,2420,Inactive
P1335,OMR,2026-02-10,20:59,91,40,51,EV,Available,34,17,2550,Active
P1336,T Nagar,2026-01-18,15:02,163,153,10,Car,Available,79,59,250,Inactive
P1337,Guindy,2026-04-15,18:50,146,125,21,Truck,Full,83,27,1659,Inactive
P1338,Tambaram,2026-02-28,22:33,105,81,24,EV,Available,31,26,1008,Active
P1339,Adyar,2026-04-15,22:14,103,87,16,Car,Full,90,35,1168,Active
P1340,OMR,2026-01-29,21:44,111,15,96,EV,Full,27,19,3168,Inactive
P1341,Velachery,2026-03-01,04:36,99,53,46,Bike,Full,140,46,966,Active
P1342,Porur,2026-05-27,21:00,161,110,51,EV,Full,32,18,2091,Inactive
P1343,Tambaram,2026-04-01,16:55,289,138,151,Bike,Full,137,84,6946,Inactive
P1344,OMR,2026-02-24,01:07,107,23,84,Truck,Full,118,24,4956,Active
P1345,T Nagar,2026-02-24,17:51,92,1,91,Truck,Available,120,56,2821,Inactive
P1346,OMR,2026-01-25,16:59,89,24,65,Car,Full,27,18,3315,Inactive
P1347,T Nagar,2026-02-11,13:33,149,24,125,Bike,Full,40,20,3625,Inactive
P1348,OMR,2026-02-10,11:01,108,86,22,Bike,Full,124,52,1760,Active
P1349,T Nagar,2026-06-29,08:41,276,70,206,Truck,Full,30,23,9270,Active
P1350,Adyar,2026-06-14,00:41,270,35,235,Bike,Available,89,82,13865,Inactive
P1351,Tambaram,2026-02-14,20:34,293,222,71,EV,Available,83,16,3124,Active
P1352,Velachery,2026-04-05,16:46,68,15,53,Car,Full,44,18,4028,Active
P1353,Anna Nagar,2026-04-23,18:25,274,93,181,Car,Available,37,32,13937,Inactive
P1354,Guindy,2026-03-07,22:04,289,90,199,EV,Available,41,26,6567,Inactive
P1355,Tambaram,2026-02-10,03:18,88,71,17,EV,Available,126,71,374,Inactive
P1356,Porur,2026-04-21,11:37,227,87,140,Car,Full,100,68,10080,Inactive
P1357,T Nagar,2026-03-28,17:03,78,20,58,Bike,Available,34,15,1914,Active
P1358,Anna Nagar,2026-03-11,20:03,195,14,181,Bike,Full,74,48,6697,Active
P1359,OMR,2026-04-15,20:15,103,39,64,Truck,Full,90,31,4416,Active
P1360,Adyar,2026-02-07,18:12,72,43,29,Truck,Full,38,22,1073,Active
P1361,Porur,2026-05-12,04:16,155,81,74,EV,Available,138,103,4440,Active
P1362,Guindy,2026-01-04,03:45,170,109,61,EV,Available,36,11,2684,Inactive
P1363,Adyar,2026-04-28,14:27,144,61,83,Car,Full,25,13,2988,Active
P1364,Velachery,2026-02-01,20:54,259,166,93,Bike,Available,74,49,4836,Inactive
P1365,Velachery,2026-01-09,14:08,251,118,133,EV,Full,36,34,2926,Inactive
P1366,OMR,2026-04-19,04:56,127,74,53,EV,Full,23,12,4134,Inactive
P1367,OMR,2026-05-03,10:27,188,110,78,EV,Full,21,15,3510,Active
P1368,Guindy,2026-05-22,02:21,95,85,10,Bike,Full,74,51,400,Inactive
P1369,OMR,2026-03-17,03:15,79,4,75,Truck,Full,80,27,5325,Inactive
P1370,T Nagar,2026-06-05,21:48,130,97,33,EV,Available,87,11,2244,Inactive
P1371,Guindy,2026-04-04,15:04,223,54,169,Bike,Available,72,49,4563,Inactive
P1372,Adyar,2026-01-24,08:09,240,119,121,Truck,Available,129,34,8712,Inactive
P1373,Anna Nagar,2026-06-09,23:21,157,78,79,Car,Full,105,37,1580,Inactive
P1374,Porur,2026-05-01,16:14,230,29,201,Car,Available,43,34,11658,Active
P1375,OMR,2026-03-02,20:52,198,99,99,Bike,Full,141,29,3663,Active
P1376,Anna Nagar,2026-04-11,15:19,205,158,47,EV,Full,29,19,3102,Active
P1377,Anna Nagar,2026-02-07,11:18,207,34,173,Truck,Available,45,18,10034,Inactive
P1378,Guindy,2026-03-08,02:41,114,101,13,EV,Full,108,100,442,Active
P1379,Velachery,2026-04-27,07:22,220,197,23,EV,Full,117,91,966,Inactive
P1380,OMR,2026-06-27,10:33,125,39,86,EV,Full,87,60,6192,Inactive
P1381,Anna Nagar,2026-01-07,22:56,258,195,63,Bike,Full,113,31,4536,Active
P1382,Tambaram,2026-02-26,03:46,96,25,71,Truck,Available,61,22,1846,Inactive
P1383,Tambaram,2026-05-02,11:15,293,171,122,Truck,Available,59,53,3050,Inactive
P1384,Anna Nagar,2026-03-18,11:15,223,97,126,Bike,Full,112,33,10080,Active
P1385,OMR,2026-02-12,11:08,194,28,166,Bike,Available,85,14,5810,Active
P1386,Tambaram,2026-05-14,02:58,175,5,170,Truck,Available,22,12,10710,Inactive
P1387,Velachery,2026-03-05,12:33,167,120,47,Bike,Available,38,28,3102,Active
P1388,T Nagar,2026-05-16,20:32,232,50,182,Bike,Available,78,14,12740,Inactive
P1389,Velachery,2026-06-17,08:38,296,56,240,EV,Available,54,52,6480,Inactive
P1390,Anna Nagar,2026-05-09,05:10,166,129,37,Bike,Available,146,26,1406,Inactive
P1391,Adyar,2026-02-15,00:26,99,23,76,Truck,Full,129,124,2356,Active
P1392,Adyar,2026-06-28,18:54,122,36,86,Truck,Full,63,18,1806,Active
P1393,Velachery,2026-02-22,02:08,196,120,76,Car,Full,118,46,3420,Active
P1394,Guindy,2026-01-18,09:10,198,17,181,Bike,Available,58,44,7602,Inactive
P1395,Guindy,2026-03-11,00:20,83,33,50,Truck,Full,64,63,1250,Inactive
P1396,OMR,2026-04-28,01:44,87,49,38,Truck,Full,115,38,2090,Inactive
P1397,Porur,2026-05-21,00:39,255,203,52,Car,Available,45,16,3380,Active
P1398,Tambaram,2026-02-01,08:02,208,88,120,Bike,Full,31,29,4320,Inactive
P1399,Guindy,2026-01-24,17:19,58,40,18,Truck,Available,34,20,1422,Inactive
P1400,Tambaram,2026-03-05,22:03,164,18,146,EV,Available,138,84,6862,Inactive
P1401,Anna Nagar,2026-06-26,12:13,86,32,54,Car,Full,29,29,2700,Inactive
P1402,Porur,2026-03-06,16:39,246,208,38,EV,Available,133,67,2698,Inactive
P1403,Anna Nagar,2026-05-23,10:04,87,7,80,Car,Full,140,19,2960,Active
P1404,T Nagar,2026-03-13,15:39,191,126,65,Car,Full,39,20,3055,Inactive
P1405,OMR,2026-04-01,07:04,248,29,219,Car,Full,116,63,5694,Active
P1406,Porur,2026-05-26,17:48,238,206,32,Car,Available,101,75,2368,Inactive
P1407,Guindy,2026-01-16,11:59,97,76,21,Bike,Available,46,39,882,Inactive
P1408,Anna Nagar,2026-04-04,16:23,238,104,134,Truck,Full,101,27,5360,Active
P1409,Velachery,2026-01-24,13:46,122,30,92,EV,Full,55,41,2852,Inactive
P1410,T Nagar,2026-03-03,12:08,185,37,148,Bike,Available,55,13,7548,Inactive
P1411,Tambaram,2026-06-01,04:35,155,32,123,Bike,Available,78,75,5166,Active
P1412,Anna Nagar,2026-03-21,19:33,210,178,32,EV,Available,108,73,1216,Inactive
P1413,Adyar,2026-01-22,14:23,265,4,261,EV,Full,71,44,12528,Active
P1414,Guindy,2026-06-05,06:19,186,120,66,Truck,Available,43,29,4554,Active
P1415,T Nagar,2026-01-07,18:41,74,60,14,EV,Available,44,19,672,Active
P1416,Tambaram,2026-06-25,05:17,186,73,113,Truck,Full,73,20,5876,Active
P1417,Velachery,2026-06-20,11:38,225,112,113,Truck,Available,95,66,8249,Inactive
P1418,Velachery,2026-03-25,20:58,164,50,114,Truck,Full,126,32,3534,Active
P1419,Adyar,2026-04-19,22:04,260,110,150,EV,Full,64,26,11400,Inactive
P1420,Anna Nagar,2026-03-11,22:24,263,156,107,Bike,Full,124,16,2568,Active
P1421,Tambaram,2026-01-29,21:37,110,63,47,Truck,Available,49,41,3478,Inactive
P1422,Tambaram,2026-04-02,02:03,81,52,29,Bike,Full,62,49,1566,Active
P1423,Anna Nagar,2026-02-08,15:12,138,61,77,Bike,Available,62,35,6160,Inactive
P1424,T Nagar,2026-01-28,17:45,163,49,114,EV,Available,95,87,9006,Inactive
P1425,Adyar,2026-06-06,18:42,98,65,33,EV,Full,61,26,1122,Active
P1426,Tambaram,2026-02-13,13:32,227,160,67,Truck,Available,138,74,2144,Active
P1427,Velachery,2026-06-17,21:41,118,91,27,Bike,Full,69,30,1890,Active
P1428,Tambaram,2026-04-20,03:51,135,77,58,Truck,Full,69,38,1856,Active
P1429,Anna Nagar,2026-03-10,08:03,83,55,28,Bike,Full,61,47,1596,Inactive
P1430,Porur,2026-01-01,01:59,162,102,60,Bike,Full,117,25,4740,Inactive
P1431,Anna Nagar,2026-01-07,01:17,282,163,119,EV,Available,128,96,4165,Active
P1432,Tambaram,2026-01-05,12:58,177,82,95,EV,Available,135,14,1900,Active
P1433,T Nagar,2026-02-01,05:56,75,40,35,EV,Full,125,47,1645,Active
P1434,Tambaram,2026-01-13,05:12,292,155,137,Car,Available,77,55,7946,Inactive
P1435,Guindy,2026-06-21,16:30,200,14,186,Bike,Full,99,53,5580,Active
P1436,Anna Nagar,2026-05-10,22:44,94,17,77,Bike,Full,57,18,2464,Active
P1437,Guindy,2026-02-16,17:16,207,140,67,EV,Available,85,20,1675,Active
P1438,Guindy,2026-06-28,08:25,249,208,41,EV,Full,102,17,2706,Active
P1439,Porur,2026-05-15,14:59,156,17,139,Bike,Full,21,16,7228,Inactive
P1440,T Nagar,2026-04-15,14:44,243,27,216,EV,Full,141,128,6480,Active
P1441,Velachery,2026-01-16,12:35,154,36,118,Truck,Available,123,31,6254,Active
P1442,Velachery,2026-03-06,12:53,70,53,17,Car,Available,111,11,442,Inactive
P1443,OMR,2026-06-30,09:35,136,25,111,Car,Full,51,45,7326,Inactive
P1444,Porur,2026-04-30,13:37,290,213,77,EV,Full,123,102,4620,Active
P1445,Anna Nagar,2026-06-06,00:33,179,99,80,Bike,Available,120,77,5040,Active
P1446,Tambaram,2026-02-21,16:16,248,81,167,Bike,Available,132,19,4342,Active
P1447,Tambaram,2026-03-30,22:11,165,101,64,Bike,Full,132,78,1664,Inactive
P1448,Adyar,2026-03-19,10:56,95,57,38,Car,Available,109,101,912,Inactive
P1449,Anna Nagar,2026-01-07,04:51,221,3,218,Bike,Full,148,139,4578,Active
P1450,Anna Nagar,2026-02-05,17:35,52,10,42,Bike,Full,122,76,1974,Active
P1451,OMR,2026-04-04,19:04,132,103,29,EV,Available,59,18,2233,Inactive
P1452,Tambaram,2026-05-27,17:55,251,203,48,Bike,Full,117,78,1968,Active
P1453,Tambaram,2026-05-21,04:21,254,104,150,Car,Available,120,86,12000,Active
P1454,Guindy,2026-04-08,06:22,192,6,186,Truck,Full,33,17,5394,Inactive
P1455,T Nagar,2026-03-17,08:16,63,18,45,Bike,Available,120,105,1350,Inactive
P1456,Velachery,2026-05-24,15:12,147,6,141,Truck,Full,35,12,10716,Active
P1457,Anna Nagar,2026-05-05,20:23,239,26,213,EV,Full,33,18,15123,Active
P1458,Anna Nagar,2026-01-15,15:45,242,223,19,EV,Full,91,37,589,Inactive
P1459,T Nagar,2026-01-07,15:37,76,8,68,EV,Available,39,36,1768,Active
P1460,Adyar,2026-04-24,17:49,256,211,45,Truck,Full,79,75,3015,Active
P1461,T Nagar,2026-05-20,18:23,290,78,212,Bike,Full,134,29,16324,Active
P1462,Guindy,2026-01-04,13:41,123,22,101,Bike,Available,96,28,4343,Active
P1463,Guindy,2026-02-06,09:19,286,167,119,Car,Full,143,74,7021,Inactive
P1464,Guindy,2026-02-06,08:07,150,48,102,Bike,Available,119,53,4182,Active
P1465,Porur,2026-02-21,06:45,252,10,242,Bike,Available,77,18,9680,Active
P1466,Tambaram,2026-02-17,01:35,232,144,88,Truck,Full,98,16,3432,Active
P1467,Velachery,2026-01-22,01:58,132,4,128,Car,Full,41,20,2944,Active
P1468,T Nagar,2026-03-28,07:05,269,122,147,Truck,Full,42,32,6027,Active
P1469,T Nagar,2026-04-14,02:59,159,147,12,Bike,Full,113,14,444,Inactive
P1470,Guindy,2026-02-08,02:42,214,11,203,Truck,Full,57,56,16240,Inactive
P1471,T Nagar,2026-02-02,01:27,248,95,153,Car,Full,54,27,8874,Active
P1472,Porur,2026-03-07,07:52,299,137,162,Truck,Full,67,40,5508,Active
P1473,Adyar,2026-01-12,02:25,210,178,32,Bike,Full,79,44,1600,Active
P1474,Guindy,2026-05-10,17:26,165,102,63,EV,Full,147,41,3780,Active
P1475,OMR,2026-05-20,06:18,130,32,98,Bike,Available,125,123,6958,Active
P1476,Adyar,2026-02-17,20:51,208,109,99,Car,Available,127,56,7227,Inactive
P1477,Porur,2026-05-18,15:19,188,58,130,Car,Full,113,106,5850,Inactive
P1478,Guindy,2026-06-16,23:44,133,81,52,Car,Available,124,12,1456,Active
P1479,OMR,2026-01-01,08:02,232,61,171,EV,Full,77,13,9234,Inactive
P1480,Adyar,2026-03-15,06:04,171,22,149,EV,Available,72,55,9685,Active
P1481,Velachery,2026-01-22,21:10,239,42,197,Car,Full,46,41,11229,Inactive
P1482,Guindy,2026-03-03,21:50,296,189,107,Bike,Full,27,22,7490,Active
P1483,Guindy,2026-05-20,05:29,182,13,169,Bike,Available,144,34,4732,Active
P1484,OMR,2026-03-02,13:39,125,100,25,Bike,Full,22,10,1000,Active
P1485,T Nagar,2026-01-08,18:23,115,83,32,Truck,Available,133,22,992,Active
P1486,OMR,2026-06-08,20:46,273,91,182,Truck,Full,20,10,6552,Inactive
P1487,Anna Nagar,2026-04-07,00:10,145,81,64,Bike,Full,136,20,4928,Inactive
P1488,Tambaram,2026-02-26,04:42,94,52,42,Car,Available,85,10,1596,Inactive
P1489,Porur,2026-01-27,04:35,225,60,165,EV,Available,34,27,8580,Inactive
P1490,Velachery,2026-04-19,09:20,69,6,63,EV,Available,22,13,2646,Inactive
P1491,Tambaram,2026-06-30,01:26,143,89,54,Truck,Full,125,121,3834,Inactive
P1492,Anna Nagar,2026-06-30,13:50,129,119,10,Truck,Available,97,37,350,Active
P1493,OMR,2026-03-12,11:22,225,211,14,Truck,Full,90,89,392,Inactive
P1494,Guindy,2026-03-25,19:31,154,25,129,EV,Full,76,34,7095,Inactive
P1495,Adyar,2026-01-19,13:24,59,6,53,Truck,Full,85,42,1643,Active
P1496,Anna Nagar,2026-02-20,10:45,58,22,36,Car,Full,44,18,2124,Inactive
P1497,Anna Nagar,2026-01-20,11:41,287,10,277,Truck,Full,61,60,12465,Inactive
P1498,Velachery,2026-05-17,23:38,158,21,137,Truck,Available,74,34,3014,Inactive
P1499,Anna Nagar,2026-04-18,05:19,119,83,36,Car,Available,50,41,1296,Inactive
P1500,OMR,2026-06-16,06:00,286,267,19,Bike,Full,143,28,1311,Inactive
P1501,Anna Nagar,2026-04-06,04:47,176,82,94,Bike,Available,31,25,2350,Inactive
P1502,Tambaram,2026-01-02,16:55,206,75,131,EV,Full,150,30,6288,Active
P1503,Anna Nagar,2026-05-22,04:29,217,152,65,Car,Full,28,19,2600,Inactive
P1504,Anna Nagar,2026-05-27,00:36,79,0,79,Car,Available,90,61,2449,Inactive
P1505,OMR,2026-02-25,19:27,190,92,98,Bike,Available,66,26,5488,Active
P1506,Velachery,2026-04-06,05:38,273,23,250,EV,Available,128,70,16750,Inactive
P1507,Velachery,2026-06-10,00:01,256,211,45,Truck,Full,49,15,2475,Active
P1508,Adyar,2026-06-19,04:52,170,58,112,EV,Available,106,61,8176,Inactive
P1509,Tambaram,2026-06-26,15:03,50,24,26,EV,Full,120,97,1872,Active
P1510,Tambaram,2026-06-16,12:11,52,26,26,Bike,Available,41,16,1066,Inactive
P1511,Porur,2026-02-15,21:06,172,82,90,EV,Full,40,19,6390,Active
P1512,Guindy,2026-01-31,13:19,290,239,51,EV,Available,106,51,2703,Inactive
P1513,Tambaram,2026-02-01,22:42,54,20,34,Car,Available,101,37,1122,Active
P1514,Adyar,2026-04-14,12:54,74,40,34,Truck,Full,34,31,2380,Active
P1515,Tambaram,2026-02-20,22:24,121,8,113,EV,Full,111,11,5763,Active
P1516,T Nagar,2026-02-14,14:13,266,152,114,Car,Full,35,29,4560,Active
P1517,Adyar,2026-05-12,13:28,77,48,29,EV,Full,47,17,754,Active
P1518,T Nagar,2026-04-15,23:52,114,9,105,Car,Available,103,53,8190,Inactive
P1519,Porur,2026-06-01,02:48,128,7,121,Car,Full,75,46,4235,Inactive
P1520,Anna Nagar,2026-01-04,15:32,241,121,120,Bike,Full,141,17,5640,Inactive
P1521,T Nagar,2026-05-16,06:28,277,102,175,Car,Available,32,11,7000,Active
P1522,OMR,2026-04-27,00:10,184,80,104,Car,Full,89,33,7176,Inactive
P1523,Porur,2026-04-16,03:26,279,169,110,Truck,Full,111,51,3300,Inactive
P1524,Tambaram,2026-02-14,01:11,228,46,182,EV,Full,119,36,9464,Inactive
P1525,Anna Nagar,2026-03-27,00:49,130,47,83,Truck,Available,22,14,4399,Inactive
P1526,Adyar,2026-01-27,20:05,203,190,13,Bike,Full,60,36,715,Active
P1527,Velachery,2026-01-14,03:50,245,125,120,EV,Available,100,59,7920,Active
P1528,Velachery,2026-06-14,06:45,60,37,23,Bike,Available,114,69,1518,Active
P1529,Anna Nagar,2026-03-26,04:37,175,79,96,EV,Full,101,95,3264,Active
P1530,Anna Nagar,2026-06-10,18:54,153,118,35,Car,Full,102,66,805,Inactive
P1531,Porur,2026-05-08,07:00,284,1,283,Truck,Full,134,100,16131,Active
P1532,Tambaram,2026-05-02,22:30,169,123,46,EV,Full,89,24,2806,Inactive
P1533,Tambaram,2026-02-05,08:23,233,36,197,Bike,Full,79,13,3940,Active
P1534,Anna Nagar,2026-02-01,10:48,269,220,49,Truck,Available,135,107,2646,Active
P1535,Adyar,2026-03-23,19:06,69,30,39,Car,Full,146,46,2223,Active
P1536,Porur,2026-01-13,03:14,93,74,19,Car,Available,46,44,570,Inactive
P1537,Velachery,2026-01-31,06:29,65,15,50,Car,Available,143,66,3350,Active
P1538,Tambaram,2026-01-28,12:45,294,36,258,Car,Available,43,24,17028,Inactive
P1539,T Nagar,2026-02-09,14:51,194,175,19,Car,Full,59,13,1349,Active
P1540,Velachery,2026-05-20,15:48,88,11,77,Car,Full,150,27,3465,Inactive
P1541,Velachery,2026-04-27,11:54,282,261,21,Bike,Available,94,62,693,Active
P1542,Guindy,2026-06-25,19:45,205,178,27,EV,Available,148,95,1809,Inactive
P1543,OMR,2026-02-02,11:51,231,156,75,Car,Full,114,46,2100,Active
P1544,Velachery,2026-02-18,19:39,106,26,80,Bike,Available,53,19,3840,Inactive
P1545,OMR,2026-01-24,06:36,188,178,10,Truck,Available,49,10,310,Inactive
P1546,T Nagar,2026-06-14,07:13,117,98,19,EV,Available,123,14,1482,Active
P1547,OMR,2026-04-20,06:41,278,130,148,Truck,Full,62,31,10212,Inactive
P1548,Porur,2026-01-10,23:37,177,45,132,Truck,Available,88,25,5808,Inactive
P1549,T Nagar,2026-01-31,14:49,113,35,78,Truck,Available,96,30,2418,Active
P1550,T Nagar,2026-02-10,08:31,195,138,57,Car,Available,53,30,2052,Active
P1551,Velachery,2026-05-28,09:42,243,7,236,EV,Full,130,84,10620,Inactive
P1552,Porur,2026-04-01,22:55,179,21,158,EV,Full,114,77,8058,Inactive
P1553,OMR,2026-02-18,15:29,240,200,40,Bike,Full,81,35,2680,Active
P1554,T Nagar,2026-01-08,20:59,66,16,50,EV,Full,56,22,2750,Active
P1555,Tambaram,2026-01-10,08:31,203,83,120,Bike,Full,110,91,3600,Inactive
P1556,Porur,2026-03-06,10:44,143,3,140,EV,Available,111,97,7700,Inactive
P1557,Anna Nagar,2026-01-20,06:19,167,104,63,Truck,Available,63,15,3591,Active
P1558,Adyar,2026-04-26,22:33,249,223,26,EV,Full,144,105,858,Inactive
P1559,Guindy,2026-05-22,22:56,142,113,29,EV,Full,84,32,2175,Inactive
P1560,Porur,2026-05-30,21:15,64,11,53,Bike,Full,31,30,3604,Active
P1561,Anna Nagar,2026-06-16,20:37,179,60,119,Bike,Full,34,25,6426,Active
P1562,OMR,2026-06-28,05:37,97,10,87,Bike,Available,50,36,4524,Inactive
P1563,Adyar,2026-03-17,16:51,299,57,242,Bike,Available,79,61,7018,Active
P1564,Guindy,2026-01-29,09:01,234,3,231,EV,Full,34,18,6699,Active
P1565,Velachery,2026-02-24,01:02,119,70,49,EV,Full,125,107,2597,Active
P1566,Tambaram,2026-05-06,07:14,113,34,79,Truck,Full,99,37,4898,Inactive
P1567,Velachery,2026-03-02,14:36,142,82,60,EV,Available,76,16,2400,Active
P1568,T Nagar,2026-06-13,10:50,212,1,211,Bike,Available,23,15,16880,Inactive
P1569,Tambaram,2026-01-08,19:09,119,32,87,Truck,Full,114,81,6177,Inactive
P1570,Porur,2026-06-18,22:07,171,131,40,Bike,Available,20,19,1640,Inactive
P1571,OMR,2026-02-24,20:47,108,49,59,Bike,Full,62,36,4307,Active
P1572,Tambaram,2026-04-10,13:22,62,3,59,EV,Full,25,13,2714,Inactive
P1573,Porur,2026-06-25,17:53,298,12,286,Truck,Available,140,67,12012,Active
P1574,OMR,2026-05-23,04:29,178,113,65,Car,Available,147,104,2665,Active
P1575,Adyar,2026-02-22,16:06,166,71,95,EV,Available,145,129,3705,Inactive
P1576,T Nagar,2026-06-08,00:49,96,5,91,Truck,Available,24,16,7007,Active
P1577,OMR,2026-03-08,13:25,168,93,75,Truck,Full,146,11,4425,Active
P1578,Adyar,2026-04-30,21:31,166,137,29,Truck,Available,29,28,1885,Inactive
P1579,Tambaram,2026-05-12,00:18,151,22,129,EV,Full,41,19,8514,Active
P1580,Guindy,2026-06-28,05:22,284,119,165,Truck,Full,139,130,4950,Inactive
P1581,Anna Nagar,2026-04-30,10:12,127,90,37,Bike,Available,23,11,1073,Inactive
P1582,Anna Nagar,2026-01-18,12:34,253,192,61,EV,Full,105,86,3416,Inactive
P1583,Adyar,2026-04-16,05:15,50,2,48,Car,Available,143,113,2976,Inactive
P1584,OMR,2026-03-26,19:12,292,53,239,Bike,Available,118,49,7170,Inactive
P1585,Velachery,2026-06-15,03:50,191,40,151,EV,Full,115,49,11929,Active
P1586,Tambaram,2026-05-10,15:23,139,100,39,Bike,Full,135,131,3081,Inactive
P1587,Tambaram,2026-06-27,03:18,80,54,26,Car,Available,48,15,520,Inactive
P1588,OMR,2026-01-05,03:03,134,50,84,Bike,Full,121,17,4032,Inactive
P1589,Tambaram,2026-01-26,06:48,142,119,23,Truck,Available,129,27,828,Active
P1590,Guindy,2026-05-23,09:08,182,101,81,EV,Available,149,54,3726,Inactive
P1591,Anna Nagar,2026-04-16,13:34,294,104,190,Bike,Full,69,69,11400,Active
P1592,Velachery,2026-03-15,02:23,226,90,136,EV,Available,30,25,7480,Active
P1593,Anna Nagar,2026-03-30,22:03,230,95,135,Bike,Available,105,48,9450,Active
P1594,Anna Nagar,2026-06-03,21:54,161,58,103,Car,Available,119,60,2884,Inactive
P1595,OMR,2026-05-15,09:24,59,4,55,Bike,Available,75,14,1925,Active
P1596,T Nagar,2026-06-09,03:43,217,137,80,Bike,Full,41,17,4960,Active
P1597,OMR,2026-03-23,05:37,96,68,28,Bike,Available,104,46,672,Inactive
P1598,OMR,2026-06-30,11:53,183,115,68,Bike,Full,121,57,1632,Inactive
P1599,Tambaram,2026-02-08,14:55,206,53,153,EV,Full,102,91,12087,Active
P1600,Adyar,2026-03-01,15:12,198,104,94,Bike,Full,146,131,3948,Inactive
P1601,Anna Nagar,2026-02-08,23:37,248,63,185,EV,Full,110,100,13320,Inactive
P1602,T Nagar,2026-06-27,01:32,186,131,55,Truck,Available,107,88,2090,Active
P1603,Guindy,2026-01-03,05:07,252,2,250,Truck,Full,134,112,9000,Active
P1604,Porur,2026-03-16,13:20,110,34,76,Bike,Available,94,40,3572,Active
P1605,Velachery,2026-05-25,10:36,61,47,14,Truck,Available,68,33,644,Active
P1606,Anna Nagar,2026-04-30,09:19,170,54,116,Car,Full,59,11,3132,Active
P1607,OMR,2026-01-06,12:29,68,6,62,EV,Full,102,46,2542,Active
P1608,Guindy,2026-02-01,22:33,274,154,120,Car,Full,149,83,6120,Active
P1609,Adyar,2026-06-09,15:17,218,1,217,Bike,Full,114,42,12803,Inactive
P1610,OMR,2026-01-23,23:32,226,163,63,Car,Full,24,18,1449,Active
P1611,OMR,2026-01-22,03:23,269,184,85,Truck,Available,68,43,3400,Inactive
P1612,Anna Nagar,2026-01-24,16:58,234,79,155,Truck,Available,131,38,9610,Inactive
P1613,Guindy,2026-06-25,00:27,188,51,137,Truck,Full,92,15,6713,Active
P1614,Tambaram,2026-01-29,21:26,117,105,12,Truck,Full,89,83,960,Inactive
P1615,Tambaram,2026-02-03,03:57,70,37,33,EV,Full,37,16,2145,Inactive
P1616,OMR,2026-01-02,14:18,215,51,164,Bike,Full,49,33,7544,Inactive
P1617,Porur,2026-01-16,11:32,222,140,82,Car,Full,92,61,6314,Inactive
P1618,Anna Nagar,2026-04-22,01:57,51,13,38,Car,Full,99,17,2166,Inactive
P1619,Tambaram,2026-02-12,03:14,87,66,21,Car,Available,67,33,945,Active
P1620,T Nagar,2026-04-28,18:09,172,153,19,Truck,Full,46,20,1026,Inactive
P1621,Anna Nagar,2026-01-02,16:57,241,108,133,Car,Available,147,90,5453,Inactive
P1622,T Nagar,2026-05-13,00:05,131,14,117,EV,Full,67,34,5967,Inactive
P1623,Anna Nagar,2026-03-07,16:42,209,168,41,Truck,Full,121,83,2665,Inactive
P1624,Guindy,2026-04-18,19:01,147,85,62,Bike,Full,50,23,4960,Inactive
P1625,Guindy,2026-04-16,13:56,165,82,83,Bike,Full,34,15,5229,Active
P1626,Velachery,2026-01-18,10:06,247,219,28,Bike,Available,36,12,1092,Inactive
P1627,Tambaram,2026-02-23,14:24,262,228,34,Truck,Available,79,79,1054,Inactive
P1628,Guindy,2026-01-10,19:44,227,89,138,Car,Available,114,16,5520,Active
P1629,Porur,2026-02-12,18:47,267,62,205,EV,Available,86,85,9840,Inactive
P1630,Tambaram,2026-05-06,05:26,190,31,159,Bike,Full,104,16,4929,Inactive
P1631,T Nagar,2026-05-07,08:06,268,258,10,Bike,Available,62,25,350,Active
P1632,Adyar,2026-06-15,17:56,81,37,44,Bike,Available,35,18,3256,Inactive
P1633,Adyar,2026-05-20,10:02,95,5,90,Bike,Full,110,84,4770,Active
P1634,T Nagar,2026-03-07,19:23,193,81,112,Truck,Full,89,21,4368,Inactive
P1635,T Nagar,2026-04-08,20:17,245,76,169,Bike,Full,25,22,12168,Active
P1636,Tambaram,2026-03-16,16:50,160,13,147,Bike,Full,119,64,8232,Inactive
P1637,Anna Nagar,2026-03-06,00:38,267,18,249,Truck,Available,65,17,16185,Inactive
P1638,Velachery,2026-06-10,01:12,130,34,96,Bike,Available,46,28,7488,Active
P1639,Velachery,2026-06-09,20:24,146,129,17,EV,Available,73,57,969,Inactive
P1640,Guindy,2026-02-04,08:49,252,141,111,Car,Full,102,57,2553,Active
P1641,Anna Nagar,2026-04-23,07:25,238,151,87,Bike,Full,25,17,6177,Inactive
P1642,Tambaram,2026-01-01,00:28,57,19,38,Truck,Available,37,15,1102,Inactive
P1643,T Nagar,2026-04-19,23:32,239,84,155,EV,Full,74,19,10850,Active
P1644,OMR,2026-01-28,02:37,102,89,13,Truck,Available,40,31,689,Active
P1645,OMR,2026-03-28,11:19,297,273,24,Truck,Available,77,30,1368,Active
P1646,T Nagar,2026-04-04,12:27,245,71,174,EV,Available,32,16,6786,Active
P1647,Anna Nagar,2026-03-18,19:16,185,160,25,Truck,Available,22,22,1825,Active
P1648,Velachery,2026-04-09,15:32,193,111,82,Car,Available,67,55,2870,Active
P1649,T Nagar,2026-04-09,15:58,108,98,10,EV,Available,20,10,710,Inactive
P1650,Guindy,2026-03-10,20:26,51,34,17,Truck,Available,43,29,612,Active
P1651,Adyar,2026-04-03,08:45,144,119,25,EV,Available,24,22,1550,Active
P1652,Tambaram,2026-05-17,02:53,114,19,95,Bike,Full,140,100,2660,Inactive
P1653,Porur,2026-03-10,00:17,232,149,83,Car,Available,53,27,2656,Inactive
P1654,T Nagar,2026-04-15,02:29,211,125,86,Truck,Full,92,80,4214,Active
P1655,Velachery,2026-04-07,12:09,201,0,201,EV,Available,85,84,6834,Active
P1656,Tambaram,2026-06-12,04:00,186,9,177,Car,Full,44,25,11505,Active
P1657,Adyar,2026-05-31,20:19,252,72,180,Car,Available,82,71,7380,Inactive
P1658,Porur,2026-06-15,05:05,162,110,52,Car,Available,69,21,2080,Active
P1659,OMR,2026-02-19,23:12,159,15,144,Truck,Available,70,61,6336,Inactive
P1660,Tambaram,2026-01-22,17:23,281,219,62,Bike,Available,123,37,2294,Active
P1661,Porur,2026-02-14,03:40,50,4,46,Bike,Available,112,37,3588,Inactive
P1662,T Nagar,2026-02-23,05:17,126,38,88,EV,Available,105,14,4488,Active
P1663,Anna Nagar,2026-04-02,17:56,234,63,171,Car,Full,149,14,13167,Inactive
P1664,OMR,2026-03-20,06:28,201,178,23,Car,Available,31,21,920,Inactive
P1665,Adyar,2026-03-26,07:33,165,33,132,Bike,Available,29,13,10428,Active
P1666,OMR,2026-04-24,07:03,175,62,113,Bike,Available,114,39,6780,Inactive
P1667,Adyar,2026-06-30,04:30,237,115,122,Truck,Available,144,86,9516,Active
P1668,Porur,2026-06-02,20:39,248,51,197,Truck,Full,34,13,11229,Inactive
P1669,Guindy,2026-06-04,14:06,59,4,55,Car,Full,130,103,3850,Active
P1670,Guindy,2026-01-07,03:57,160,35,125,Car,Available,61,23,6250,Inactive
P1671,Tambaram,2026-06-19,03:45,184,60,124,Car,Available,90,85,8432,Inactive
P1672,OMR,2026-01-08,16:35,149,22,127,Bike,Full,50,40,8509,Inactive
P1673,Guindy,2026-06-17,18:04,101,31,70,EV,Full,43,38,4550,Active
P1674,Tambaram,2026-03-08,13:00,52,39,13,Car,Available,85,44,1001,Active
P1675,Guindy,2026-03-29,14:38,257,153,104,EV,Available,70,39,3120,Active
P1676,OMR,2026-02-25,21:13,135,120,15,Bike,Available,57,29,360,Active
P1677,Anna Nagar,2026-04-17,00:46,75,24,51,Car,Available,126,58,3417,Active
P1678,Velachery,2026-02-12,18:32,220,190,30,Truck,Available,119,105,1740,Inactive
P1679,Guindy,2026-05-30,05:13,241,99,142,Car,Available,139,49,10934,Active
P1680,Guindy,2026-06-09,11:48,264,128,136,EV,Full,22,10,2720,Inactive
P1681,Guindy,2026-05-01,07:24,165,34,131,Truck,Full,113,82,4847,Inactive
P1682,Anna Nagar,2026-06-12,00:19,219,96,123,Bike,Full,113,79,8241,Inactive
P1683,Adyar,2026-06-20,19:26,148,131,17,Bike,Full,66,47,782,Active
P1684,OMR,2026-03-30,21:10,141,114,27,EV,Available,47,20,702,Active
P1685,Tambaram,2026-06-17,23:42,280,37,243,Bike,Full,95,64,7776,Inactive
P1686,OMR,2026-06-24,10:43,52,40,12,Truck,Available,109,39,420,Active
P1687,Velachery,2026-02-24,17:36,166,99,67,Car,Full,100,33,5226,Inactive
P1688,T Nagar,2026-01-11,14:08,97,85,12,Car,Full,48,28,492,Active
P1689,T Nagar,2026-04-17,02:32,238,58,180,EV,Full,92,23,10800,Inactive
P1690,Porur,2026-06-26,20:39,217,106,111,Truck,Available,24,10,7992,Inactive
P1691,OMR,2026-02-20,00:20,233,196,37,EV,Available,138,107,2960,Inactive
P1692,Adyar,2026-06-14,15:08,141,78,63,Truck,Available,104,61,1323,Active
P1693,Guindy,2026-01-07,16:42,71,3,68,Car,Full,86,55,2856,Inactive
P1694,OMR,2026-01-31,20:11,112,44,68,Car,Full,25,20,3060,Active
P1695,Anna Nagar,2026-01-07,05:35,175,77,98,EV,Full,49,42,2744,Inactive
P1696,Adyar,2026-03-07,09:57,168,51,117,EV,Full,137,68,2457,Inactive
P1697,OMR,2026-05-12,20:03,96,64,32,Car,Full,118,35,1696,Inactive
P1698,Adyar,2026-03-03,03:10,138,78,60,EV,Full,128,65,1980,Active
P1699,Porur,2026-02-23,04:48,236,112,124,EV,Full,57,25,2976,Inactive
P1700,T Nagar,2026-01-02,08:23,207,67,140,Bike,Available,84,60,5880,Active
P1701,T Nagar,2026-02-13,04:51,145,82,63,EV,Available,31,31,2205,Inactive
P1702,Guindy,2026-02-24,07:44,57,14,43,Bike,Full,56,20,989,Active
P1703,Anna Nagar,2026-03-08,11:16,54,30,24,EV,Full,38,36,1896,Active
P1704,Tambaram,2026-06-24,21:03,267,175,92,Truck,Available,81,61,5980,Inactive
P1705,Tambaram,2026-02-13,09:55,227,185,42,Car,Available,144,85,2478,Active
P1706,OMR,2026-01-04,13:33,233,96,137,Truck,Available,123,120,8494,Inactive
P1707,Tambaram,2026-05-17,13:54,204,102,102,Truck,Available,76,19,6630,Inactive
P1708,OMR,2026-02-01,12:34,114,13,101,Car,Available,74,39,2929,Active
P1709,OMR,2026-05-01,11:33,283,80,203,EV,Full,20,12,6090,Inactive
P1710,Guindy,2026-01-09,09:07,146,89,57,EV,Full,84,24,2793,Inactive
P1711,Anna Nagar,2026-01-14,17:44,92,52,40,Truck,Available,70,20,2280,Active
P1712,OMR,2026-05-10,19:56,214,119,95,EV,Available,81,14,3515,Inactive
P1713,OMR,2026-03-30,06:35,162,58,104,Car,Available,129,99,3536,Inactive
P1714,Guindy,2026-04-07,20:13,243,40,203,EV,Available,51,14,6496,Inactive
P1715,OMR,2026-06-21,18:19,231,219,12,EV,Full,98,68,492,Inactive
P1716,Anna Nagar,2026-01-12,21:24,262,74,188,Car,Available,127,123,9400,Active
P1717,T Nagar,2026-05-07,13:53,128,98,30,Bike,Full,29,24,1170,Active
P1718,Guindy,2026-01-12,00:03,194,1,193,Bike,Available,63,63,5790,Active
P1719,Tambaram,2026-06-17,14:36,186,76,110,EV,Available,70,39,4840,Inactive
P1720,Velachery,2026-04-15,07:44,78,60,18,Car,Full,116,72,1368,Inactive
P1721,Porur,2026-01-29,01:50,269,232,37,EV,Full,25,16,1628,Inactive
P1722,Porur,2026-01-14,17:29,193,117,76,Bike,Available,39,20,3344,Inactive
P1723,OMR,2026-01-06,03:58,50,23,27,Car,Full,93,28,1458,Inactive
P1724,T Nagar,2026-04-12,07:58,203,161,42,Car,Full,44,33,1554,Inactive
P1725,Velachery,2026-01-07,11:12,219,150,69,Bike,Full,26,12,4140,Active
P1726,Velachery,2026-04-20,17:48,88,59,29,Bike,Available,91,72,1624,Active
P1727,OMR,2026-05-14,13:06,94,65,29,EV,Full,138,56,1392,Inactive
P1728,Adyar,2026-01-02,17:58,131,35,96,Truck,Full,82,13,2976,Inactive
P1729,Anna Nagar,2026-04-19,20:33,86,28,58,Car,Available,76,15,1856,Active
P1730,T Nagar,2026-03-04,19:42,69,45,24,Car,Available,114,99,1656,Inactive
P1731,Adyar,2026-03-22,08:50,226,202,24,Car,Full,71,61,1800,Inactive
P1732,Porur,2026-06-06,03:25,176,70,106,Car,Full,20,19,4770,Active
P1733,Velachery,2026-03-28,04:10,95,55,40,Bike,Full,90,24,2760,Inactive
P1734,Tambaram,2026-03-18,04:18,68,9,59,Bike,Available,73,44,4130,Inactive
P1735,Guindy,2026-04-21,07:45,155,34,121,Car,Full,118,76,7502,Active
P1736,Porur,2026-03-11,22:04,188,108,80,Truck,Available,84,45,4880,Active
P1737,Guindy,2026-06-15,02:21,145,2,143,Truck,Available,102,75,6006,Inactive
P1738,T Nagar,2026-01-12,21:37,56,7,49,Car,Available,67,56,1225,Inactive
P1739,Adyar,2026-06-29,22:09,88,10,78,EV,Available,44,40,6006,Inactive
P1740,Porur,2026-04-01,17:05,231,212,19,Bike,Full,69,40,418,Active
P1741,OMR,2026-01-15,04:53,92,71,21,Truck,Available,125,45,1302,Active
P1742,Tambaram,2026-02-11,09:44,52,41,11,EV,Available,41,28,429,Active
P1743,Velachery,2026-01-14,05:35,128,61,67,EV,Available,137,28,3886,Inactive
P1744,OMR,2026-01-14,12:44,237,106,131,Car,Available,79,49,7860,Active
P1745,Anna Nagar,2026-04-30,16:13,182,55,127,EV,Available,150,132,5461,Active
P1746,Adyar,2026-06-15,09:50,99,31,68,Bike,Full,42,26,1428,Active
P1747,T Nagar,2026-04-22,18:22,107,97,10,Bike,Available,139,134,640,Active
P1748,Tambaram,2026-01-27,17:46,65,48,17,Truck,Available,91,80,697,Active
P1749,OMR,2026-05-02,20:19,93,30,63,Truck,Available,118,59,1890,Active
P1750,T Nagar,2026-06-10,16:53,247,165,82,Car,Available,136,129,5494,Active
P1751,T Nagar,2026-05-04,04:28,170,41,129,Car,Full,83,42,7353,Active
P1752,Velachery,2026-01-27,08:26,239,206,33,Truck,Available,67,67,1155,Active
P1753,Guindy,2026-03-11,14:21,282,118,164,Truck,Full,140,109,5576,Inactive
P1754,Guindy,2026-03-18,05:20,297,203,94,EV,Full,75,65,3760,Active
P1755,Anna Nagar,2026-02-08,21:57,107,96,11,EV,Available,39,31,704,Inactive
P1756,Velachery,2026-03-19,14:53,269,22,247,Truck,Full,149,36,19019,Inactive
P1757,Adyar,2026-02-24,04:45,181,25,156,EV,Available,79,32,3432,Active
P1758,OMR,2026-04-21,02:46,70,53,17,Car,Available,58,53,476,Active
P1759,Velachery,2026-01-10,17:17,110,36,74,Bike,Full,55,40,2886,Inactive
P1760,Velachery,2026-04-11,15:25,263,104,159,Car,Full,57,13,9858,Inactive
P1761,Porur,2026-04-05,07:41,218,129,89,Bike,Available,143,115,4717,Inactive
P1762,Anna Nagar,2026-04-24,02:24,102,28,74,Car,Full,142,70,3478,Active
P1763,Tambaram,2026-02-07,15:42,145,91,54,Truck,Full,55,15,3186,Active
P1764,Adyar,2026-04-21,11:39,145,12,133,Car,Full,129,128,10507,Active
P1765,Tambaram,2026-04-17,19:39,244,36,208,Bike,Available,106,18,12064,Active
P1766,Anna Nagar,2026-02-17,21:45,68,49,19,EV,Full,104,64,1254,Inactive
P1767,OMR,2026-01-10,23:24,121,86,35,Truck,Available,119,96,1995,Active
P1768,Velachery,2026-03-24,02:18,81,37,44,Truck,Available,125,88,3212,Active
P1769,Velachery,2026-04-21,04:07,140,29,111,Car,Full,114,49,2442,Active
P1770,T Nagar,2026-01-20,09:00,183,159,24,Car,Available,20,18,1320,Inactive
P1771,Guindy,2026-04-15,03:42,181,79,102,Truck,Full,55,34,4998,Active
P1772,Guindy,2026-01-05,15:30,121,62,59,Car,Available,128,114,4720,Inactive
P1773,Anna Nagar,2026-02-11,03:36,247,222,25,Bike,Full,122,46,1350,Active
P1774,Tambaram,2026-01-13,09:06,245,202,43,EV,Full,127,38,1462,Active
P1775,Guindy,2026-06-25,20:16,111,72,39,Bike,Available,21,10,1521,Active
P1776,Porur,2026-04-25,15:53,230,204,26,Car,Full,132,127,1378,Active
P1777,Anna Nagar,2026-03-27,20:28,285,192,93,Bike,Available,27,21,7161,Inactive
P1778,Adyar,2026-03-19,10:17,245,84,161,Car,Full,137,66,11592,Inactive
P1779,Adyar,2026-04-12,18:29,274,99,175,Truck,Full,74,45,6125,Inactive
P1780,Velachery,2026-01-03,11:22,143,107,36,Car,Full,56,47,936,Inactive
P1781,Anna Nagar,2026-06-14,10:57,84,73,11,Car,Full,55,55,286,Active
P1782,Tambaram,2026-04-11,15:14,193,65,128,EV,Full,105,62,3200,Active
P1783,OMR,2026-04-21,00:23,75,30,45,Bike,Available,70,11,1035,Inactive
P1784,OMR,2026-06-30,18:41,74,63,11,Truck,Available,139,124,385,Inactive
P1785,T Nagar,2026-05-22,23:47,214,57,157,Truck,Full,127,98,6594,Active
P1786,T Nagar,2026-05-04,10:28,225,203,22,Car,Available,81,17,1430,Inactive
P1787,Velachery,2026-06-19,19:24,95,52,43,Bike,Full,131,20,2150,Inactive
P1788,Porur,2026-03-31,12:02,287,125,162,Truck,Available,66,14,5022,Inactive
P1789,Velachery,2026-01-06,03:39,261,196,65,EV,Full,99,25,2145,Inactive
P1790,OMR,2026-05-19,17:01,82,0,82,Truck,Full,68,58,5002,Active
P1791,Guindy,2026-06-02,06:56,149,29,120,Truck,Available,23,12,6960,Inactive
P1792,OMR,2026-03-22,05:22,243,71,172,Car,Full,47,30,10664,Active
P1793,Porur,2026-06-26,10:33,96,46,50,Car,Available,48,24,3600,Inactive
P1794,OMR,2026-05-04,08:12,97,24,73,Bike,Full,87,73,5256,Active
P1795,Tambaram,2026-01-02,09:53,194,108,86,Bike,Full,140,10,6364,Inactive
P1796,Velachery,2026-03-21,23:00,100,36,64,Bike,Full,134,16,3392,Inactive
P1797,Guindy,2026-04-30,18:39,110,51,59,EV,Full,86,70,4307,Inactive
P1798,OMR,2026-02-26,02:22,160,118,42,Bike,Full,115,16,1974,Active
P1799,Guindy,2026-03-15,17:48,273,85,188,Bike,Full,148,26,12784,Inactive
P1800,Adyar,2026-02-02,09:06,139,30,109,EV,Available,38,29,8284,Inactive
P1801,Velachery,2026-04-28,22:25,97,21,76,Bike,Available,138,113,4104,Active
P1802,OMR,2026-01-21,08:56,148,77,71,Car,Full,60,47,5467,Inactive
P1803,Porur,2026-05-03,00:59,191,41,150,EV,Full,69,45,8250,Inactive
P1804,T Nagar,2026-06-01,14:53,116,17,99,Truck,Full,116,83,3564,Active
P1805,Adyar,2026-01-03,07:53,223,149,74,Bike,Available,87,84,5032,Inactive
P1806,Velachery,2026-03-07,05:08,66,18,48,Car,Full,131,94,3072,Inactive
P1807,T Nagar,2026-05-15,21:03,274,29,245,Car,Available,65,62,7350,Inactive
P1808,Tambaram,2026-06-19,12:09,286,268,18,Bike,Full,25,10,846,Active
P1809,T Nagar,2026-02-15,22:10,118,80,38,Truck,Full,104,104,2850,Active
P1810,Porur,2026-01-21,16:02,204,153,51,Car,Full,101,66,2040,Inactive
P1811,T Nagar,2026-02-06,18:09,61,37,24,Car,Full,128,28,936,Active
P1812,T Nagar,2026-05-03,12:03,102,41,61,Car,Available,83,19,2684,Inactive
P1813,Guindy,2026-06-17,12:52,220,114,106,Truck,Available,118,116,5618,Inactive
P1814,Adyar,2026-05-09,01:35,59,31,28,Bike,Full,73,53,1596,Inactive
P1815,Velachery,2026-03-21,08:11,111,2,109,Car,Full,109,28,4251,Inactive
P1816,Porur,2026-04-02,11:49,116,87,29,Truck,Full,149,145,1827,Inactive
P1817,Porur,2026-04-30,13:18,265,102,163,Car,Available,37,27,10758,Active
P1818,Velachery,2026-02-11,18:29,62,4,58,Car,Full,125,101,2262,Inactive
P1819,T Nagar,2026-01-19,21:52,181,140,41,Bike,Full,140,42,1722,Active
P1820,Porur,2026-04-01,11:56,174,142,32,Bike,Available,100,57,1792,Inactive
P1821,Porur,2026-06-13,16:58,112,83,29,Car,Available,135,115,1595,Inactive
P1822,OMR,2026-02-19,14:34,156,98,58,Bike,Available,132,62,2900,Inactive
P1823,Guindy,2026-01-17,22:08,285,113,172,Car,Full,25,15,9976,Active
P1824,Tambaram,2026-01-07,10:11,282,86,196,EV,Full,28,12,10388,Active
P1825,Tambaram,2026-03-26,01:14,227,2,225,Truck,Full,78,21,4500,Inactive
P1826,Tambaram,2026-02-24,13:10,167,79,88,EV,Full,35,32,3608,Inactive
P1827,Guindy,2026-01-31,13:08,293,172,121,EV,Full,27,21,3025,Active
P1828,Velachery,2026-01-14,00:23,83,46,37,Truck,Full,85,11,1369,Active
P1829,OMR,2026-01-29,08:17,179,100,79,Bike,Full,109,81,1580,Active
P1830,Anna Nagar,2026-01-11,01:52,232,193,39,EV,Full,114,110,1365,Inactive
P1831,Tambaram,2026-04-20,14:21,272,130,142,EV,Full,133,18,4260,Active
P1832,T Nagar,2026-03-22,01:55,200,103,97,EV,Available,107,81,5917,Inactive
P1833,Guindy,2026-02-05,19:25,64,10,54,Truck,Available,21,21,4158,Inactive
P1834,Guindy,2026-02-19,00:15,156,8,148,Car,Full,130,100,6660,Inactive
P1835,Guindy,2026-04-30,09:26,58,40,18,EV,Full,134,77,396,Active
P1836,Porur,2026-02-27,11:41,64,16,48,Car,Full,113,70,1824,Active
P1837,T Nagar,2026-02-13,21:01,296,97,199,Car,Available,139,31,7363,Active
P1838,Velachery,2026-03-15,18:33,97,45,52,Bike,Available,23,21,1924,Inactive
P1839,Guindy,2026-03-21,02:56,85,27,58,Car,Available,147,86,1218,Active
P1840,Velachery,2026-03-06,00:08,92,76,16,EV,Full,120,56,864,Inactive
P1841,Velachery,2026-01-06,11:24,285,149,136,Bike,Full,45,44,6120,Active
P1842,Adyar,2026-02-16,04:30,239,137,102,Car,Full,85,54,7344,Inactive
P1843,Velachery,2026-01-21,23:25,265,53,212,Bike,Available,116,37,11872,Active
P1844,Porur,2026-02-10,11:05,193,62,131,Truck,Full,133,12,8908,Inactive
P1845,Tambaram,2026-05-12,07:22,278,3,275,Bike,Full,124,65,14850,Inactive
P1846,Anna Nagar,2026-04-09,17:14,109,89,20,EV,Full,100,34,520,Active
P1847,Tambaram,2026-03-06,03:21,198,28,170,Truck,Full,123,75,3570,Inactive
P1848,OMR,2026-05-11,22:38,209,181,28,Bike,Available,131,68,672,Active
P1849,Guindy,2026-06-22,19:56,129,107,22,Bike,Available,121,71,1672,Inactive
P1850,OMR,2026-02-10,13:27,201,115,86,EV,Available,37,14,5332,Inactive
P1851,OMR,2026-02-25,11:47,177,87,90,EV,Available,35,23,4140,Inactive
P1852,Adyar,2026-05-16,03:24,284,185,99,EV,Available,83,32,3861,Inactive
P1853,T Nagar,2026-06-23,10:53,71,27,44,Truck,Available,145,98,1012,Inactive
P1854,Porur,2026-01-07,01:54,294,75,219,Truck,Available,89,82,11169,Active
P1855,Guindy,2026-04-11,11:29,173,88,85,EV,Full,73,40,3315,Inactive
P1856,Anna Nagar,2026-05-29,00:27,228,94,134,EV,Full,137,26,9916,Active
P1857,Porur,2026-06-29,07:20,265,191,74,Truck,Full,129,24,5106,Active
P1858,Tambaram,2026-04-05,17:12,74,62,12,Truck,Available,23,20,360,Inactive
P1859,Tambaram,2026-04-10,03:50,132,5,127,Truck,Available,47,43,3302,Active
P1860,Anna Nagar,2026-02-10,11:08,266,86,180,Truck,Full,145,122,10260,Active
P1861,OMR,2026-03-26,05:52,225,47,178,Bike,Available,63,54,3916,Inactive
P1862,OMR,2026-03-23,02:10,170,7,163,Car,Full,132,89,11736,Active
P1863,T Nagar,2026-01-01,04:55,134,11,123,Truck,Full,121,73,9840,Active
P1864,Adyar,2026-03-25,13:40,124,86,38,Car,Available,78,48,2622,Inactive
P1865,Velachery,2026-06-16,04:57,253,203,50,EV,Full,37,18,2700,Inactive
P1866,Adyar,2026-01-30,02:11,292,174,118,Truck,Full,63,49,5428,Inactive
P1867,Anna Nagar,2026-06-18,03:59,160,20,140,EV,Available,111,82,6020,Inactive
P1868,Anna Nagar,2026-02-11,10:36,237,39,198,Car,Full,134,128,7920,Inactive
P1869,Velachery,2026-01-05,15:21,58,22,36,Car,Available,149,143,1080,Active
P1870,OMR,2026-05-07,11:06,272,49,223,EV,Available,122,113,12042,Inactive
P1871,Adyar,2026-01-20,10:16,252,201,51,Truck,Full,145,44,3417,Inactive
P1872,Anna Nagar,2026-02-20,06:19,50,1,49,Bike,Full,48,12,2793,Inactive
P1873,Velachery,2026-03-23,15:35,190,35,155,EV,Full,39,37,4340,Inactive
P1874,Tambaram,2026-03-06,15:49,125,103,22,Truck,Full,31,12,858,Active
P1875,Porur,2026-06-07,01:30,156,38,118,EV,Full,83,66,7434,Inactive
P1876,T Nagar,2026-01-14,08:38,215,161,54,Bike,Available,116,75,1512,Active
P1877,Adyar,2026-05-27,16:02,65,21,44,EV,Available,141,47,3432,Inactive
P1878,Anna Nagar,2026-01-03,19:35,244,92,152,EV,Available,59,22,9120,Inactive
P1879,Porur,2026-06-13,19:59,187,67,120,EV,Full,22,11,9360,Active
P1880,T Nagar,2026-06-10,08:26,141,41,100,Truck,Full,117,36,8000,Active
P1881,Adyar,2026-02-07,02:09,243,26,217,Car,Full,38,15,6727,Inactive
P1882,Anna Nagar,2026-06-06,01:02,218,90,128,EV,Full,149,138,3968,Active
P1883,Anna Nagar,2026-01-09,19:21,161,7,154,Truck,Available,107,20,8162,Inactive
P1884,Adyar,2026-02-04,15:11,294,38,256,Bike,Full,23,12,13312,Inactive
P1885,Velachery,2026-05-08,08:19,287,185,102,Car,Available,85,55,2856,Active
P1886,Velachery,2026-01-25,04:22,105,58,47,EV,Available,35,12,2350,Inactive
P1887,Adyar,2026-05-07,00:36,100,40,60,EV,Full,35,31,1380,Inactive
P1888,OMR,2026-04-23,03:25,191,46,145,Car,Full,87,80,9570,Active
P1889,Porur,2026-01-20,17:33,274,239,35,Bike,Full,35,28,1505,Active
P1890,Porur,2026-01-15,16:04,73,13,60,Bike,Full,145,101,4380,Inactive
P1891,Tambaram,2026-02-03,04:15,149,125,24,Car,Full,133,53,1296,Active
P1892,Porur,2026-05-27,11:54,127,11,116,Truck,Full,69,61,8120,Inactive
P1893,Adyar,2026-03-02,21:47,154,121,33,Bike,Available,51,41,2442,Active
P1894,T Nagar,2026-03-28,08:19,111,95,16,Bike,Available,58,10,576,Inactive
P1895,Velachery,2026-06-17,10:09,69,57,12,Truck,Available,88,41,576,Inactive
P1896,Tambaram,2026-03-03,17:43,254,151,103,Truck,Available,101,72,4429,Active
P1897,Tambaram,2026-06-04,21:25,214,25,189,Bike,Full,61,57,9261,Active
P1898,Tambaram,2026-04-29,20:37,55,45,10,EV,Full,100,98,310,Inactive
P1899,T Nagar,2026-01-03,09:46,50,1,49,Bike,Available,120,44,3528,Active
P1900,Guindy,2026-05-25,00:25,126,64,62,Car,Available,59,33,2852,Active
P1901,T Nagar,2026-05-10,11:36,151,42,109,Bike,Full,140,138,8720,Inactive
P1902,Porur,2026-06-08,13:53,85,34,51,Truck,Available,94,90,4029,Active
P1903,Porur,2026-05-09,15:22,142,118,24,Car,Full,118,60,480,Active
P1904,T Nagar,2026-05-03,07:03,174,103,71,Truck,Available,114,75,2485,Inactive
P1905,T Nagar,2026-03-11,03:44,296,84,212,Truck,Full,136,130,6784,Active
P1906,Porur,2026-04-22,03:57,97,49,48,Car,Available,74,17,1104,Inactive
P1907,Porur,2026-03-21,11:32,283,182,101,Car,Available,101,11,4242,Inactive
P1908,Velachery,2026-01-05,06:39,105,36,69,Truck,Available,147,84,4485,Inactive
P1909,OMR,2026-01-13,21:38,148,41,107,Bike,Full,141,135,6848,Active
P1910,OMR,2026-05-20,22:12,274,86,188,Truck,Available,37,23,12408,Inactive
P1911,T Nagar,2026-04-04,22:31,297,240,57,Car,Full,112,42,1368,Active
P1912,T Nagar,2026-04-02,19:42,123,2,121,Car,Available,26,18,8228,Active
P1913,T Nagar,2026-01-26,09:25,207,69,138,Car,Full,115,23,10488,Active
P1914,OMR,2026-06-22,07:40,124,85,39,EV,Available,140,61,1131,Inactive
P1915,Adyar,2026-04-16,02:01,99,7,92,Bike,Full,25,14,5520,Active
P1916,Porur,2026-02-22,21:15,125,72,53,EV,Available,99,10,3286,Active
P1917,Velachery,2026-05-11,19:46,199,178,21,Truck,Available,45,38,1302,Active
P1918,Tambaram,2026-06-09,22:28,148,111,37,Truck,Full,27,12,2220,Active
P1919,T Nagar,2026-03-27,02:46,100,75,25,Bike,Available,39,34,1625,Inactive
P1920,OMR,2026-01-03,05:12,83,22,61,EV,Available,76,52,2623,Inactive
P1921,Adyar,2026-01-29,06:30,275,65,210,Car,Full,128,91,11340,Active
P1922,Tambaram,2026-03-21,13:36,226,157,69,EV,Available,115,50,5520,Active
P1923,Porur,2026-02-08,18:32,111,85,26,Truck,Full,105,29,962,Inactive
P1924,Guindy,2026-05-24,03:37,108,24,84,Car,Available,145,141,5208,Inactive
P1925,Adyar,2026-05-22,09:44,171,3,168,Truck,Available,59,43,11928,Inactive
P1926,Tambaram,2026-03-10,20:54,263,50,213,Bike,Available,142,135,9798,Inactive
P1927,Velachery,2026-06-24,07:18,96,51,45,Bike,Available,96,27,3420,Inactive
P1928,Anna Nagar,2026-03-16,12:13,196,15,181,Bike,Available,27,14,12851,Active
P1929,Adyar,2026-02-26,22:41,54,18,36,Car,Full,134,125,2052,Active
P1930,Velachery,2026-04-01,16:44,189,101,88,Truck,Full,73,38,3960,Active
P1931,T Nagar,2026-04-18,09:51,218,124,94,Car,Available,135,86,7332,Active
P1932,Porur,2026-03-31,11:34,186,126,60,Bike,Full,29,20,3720,Inactive
P1933,Velachery,2026-05-08,17:45,62,9,53,Car,Available,142,31,3975,Inactive
P1934,Tambaram,2026-04-30,08:36,80,41,39,Bike,Full,68,25,2457,Inactive
P1935,OMR,2026-02-09,22:12,102,55,47,Truck,Full,71,61,987,Active
P1936,Porur,2026-02-25,17:01,99,3,96,Bike,Available,71,65,2688,Active
P1937,Porur,2026-03-19,10:07,297,31,266,EV,Full,111,67,20748,Active
P1938,Porur,2026-04-06,10:50,91,24,67,Car,Available,147,101,1742,Inactive
P1939,Anna Nagar,2026-05-31,21:50,248,126,122,Car,Available,90,18,5856,Inactive
P1940,Velachery,2026-04-18,03:02,102,33,69,Bike,Full,67,14,2484,Inactive
P1941,Adyar,2026-04-13,15:20,214,10,204,Car,Full,27,20,7956,Inactive
P1942,Adyar,2026-01-07,18:13,143,17,126,EV,Available,142,11,6678,Inactive
P1943,Velachery,2026-04-15,06:48,249,63,186,Bike,Available,95,81,6696,Inactive
P1944,Velachery,2026-06-26,08:54,276,49,227,EV,Available,77,38,11123,Active
P1945,Anna Nagar,2026-06-11,18:29,243,42,201,Truck,Available,98,81,14070,Inactive
P1946,Velachery,2026-04-26,23:39,217,54,163,EV,Full,33,16,6357,Inactive
P1947,Tambaram,2026-03-04,00:16,159,145,14,Car,Available,59,47,280,Active
P1948,Anna Nagar,2026-06-22,06:24,202,94,108,EV,Full,24,15,2160,Active
P1949,T Nagar,2026-01-29,03:08,283,154,129,Truck,Full,118,25,9288,Active
P1950,Velachery,2026-06-21,06:34,242,157,85,EV,Full,82,19,6460,Active
P1951,Tambaram,2026-02-26,20:39,99,66,33,EV,Full,23,22,2112,Inactive
P1952,Porur,2026-05-20,00:54,107,94,13,Truck,Available,31,13,728,Inactive
P1953,Anna Nagar,2026-03-03,04:20,226,181,45,Car,Full,117,97,3420,Active
P1954,T Nagar,2026-05-16,19:38,95,67,28,Car,Full,64,19,1820,Active
P1955,Porur,2026-04-21,09:10,163,123,40,Car,Full,80,32,840,Inactive
P1956,T Nagar,2026-01-02,10:34,246,166,80,EV,Full,71,71,3520,Inactive
P1957,Guindy,2026-04-08,23:22,179,102,77,Truck,Available,141,50,5621,Active
P1958,Tambaram,2026-03-08,11:40,74,59,15,Bike,Available,70,62,1050,Inactive
P1959,Adyar,2026-06-01,07:50,95,28,67,Bike,Full,53,33,2010,Active
P1960,Adyar,2026-04-07,14:36,126,62,64,Car,Full,41,12,1344,Inactive
P1961,Porur,2026-04-03,10:41,108,25,83,Truck,Available,41,27,4565,Active
P1962,Porur,2026-05-02,23:53,121,88,33,EV,Full,54,30,2046,Inactive
P1963,Anna Nagar,2026-01-01,01:45,74,44,30,Truck,Available,125,94,660,Inactive
P1964,Tambaram,2026-04-15,13:46,181,75,106,Truck,Available,106,68,5618,Active
P1965,Porur,2026-05-31,12:55,84,55,29,Bike,Available,35,10,783,Active
P1966,Guindy,2026-03-28,10:37,270,231,39,Car,Available,41,25,780,Active
P1967,Guindy,2026-02-03,16:02,138,86,52,EV,Full,129,98,1872,Active
P1968,Anna Nagar,2026-04-20,06:40,124,8,116,Car,Full,44,44,5800,Inactive
P1969,Guindy,2026-03-22,22:17,242,61,181,Car,Available,113,39,11946,Inactive
P1970,Anna Nagar,2026-04-29,07:09,229,1,228,Truck,Full,132,58,17784,Inactive
P1971,Anna Nagar,2026-06-08,18:00,282,98,184,Bike,Available,94,50,11960,Active
P1972,Anna Nagar,2026-05-18,06:31,129,56,73,Car,Available,56,38,3139,Inactive
P1973,Adyar,2026-03-10,15:41,232,71,161,Truck,Full,108,60,5313,Inactive
P1974,Anna Nagar,2026-06-06,02:04,254,5,249,EV,Full,33,16,9711,Inactive
P1975,Guindy,2026-01-11,04:41,59,36,23,EV,Available,111,38,1725,Active
P1976,OMR,2026-05-17,13:08,235,75,160,Truck,Available,115,50,3520,Inactive
P1977,Velachery,2026-05-23,08:56,203,109,94,Bike,Available,116,92,6110,Active
P1978,T Nagar,2026-03-15,09:08,66,2,64,Truck,Available,138,12,2176,Active
P1979,Porur,2026-06-18,20:41,60,11,49,Car,Full,127,79,2401,Active
P1980,Adyar,2026-02-04,08:44,163,74,89,Car,Full,46,13,2492,Inactive
P1981,Tambaram,2026-06-21,23:39,300,89,211,Bike,Full,93,50,13082,Inactive
P1982,Velachery,2026-03-24,14:25,68,0,68,Car,Full,86,34,5100,Active
P1983,Porur,2026-03-28,23:28,144,96,48,EV,Full,130,96,1200,Active
P1984,Anna Nagar,2026-03-24,04:46,132,15,117,Car,Available,64,10,4329,Inactive
P1985,Adyar,2026-04-03,18:24,53,37,16,Bike,Available,65,37,784,Active
P1986,Tambaram,2026-01-05,09:01,87,53,34,EV,Full,102,44,1496,Active
P1987,Adyar,2026-02-16,07:26,253,60,193,Truck,Available,97,42,11580,Active
P1988,Anna Nagar,2026-01-14,04:45,227,92,135,EV,Full,29,22,10665,Active
P1989,Porur,2026-02-14,07:29,90,80,10,Bike,Full,89,74,210,Active
P1990,Velachery,2026-06-28,02:26,233,100,133,EV,Available,70,15,8911,Active
P1991,Adyar,2026-05-20,23:49,270,10,260,EV,Full,43,20,5200,Inactive
P1992,Tambaram,2026-06-08,01:44,84,43,41,Car,Full,72,53,2501,Active
P1993,T Nagar,2026-02-08,07:33,78,4,74,Car,Available,122,55,4884,Active
P1994,Adyar,2026-01-28,02:43,150,69,81,EV,Available,25,18,4941,Active
P1995,Adyar,2026-03-04,05:58,168,8,160,Bike,Available,73,60,7200,Active
P1996,Adyar,2026-06-25,03:00,267,30,237,EV,Available,132,58,10428,Active
P1997,Guindy,2026-04-24,14:58,101,39,62,Car,Available,73,70,2604,Inactive
P1998,Adyar,2026-02-13,11:50,79,58,21,EV,Full,107,81,630,Active
P1999,Guindy,2026-06-12,09:03,185,0,185,Truck,Available,86,53,10915,Inactive
P2000,Adyar,2026-04-22,21:19,211,170,41,Truck,Full,67,35,1435,Active
